workload,window,implementation,limit,capacity
constant,0,local-gradient2,16,18
constant,1,local-gradient2,17,18
constant,2,local-gradient2,18,18
constant,3,local-gradient2,19,18
constant,4,local-gradient2,20,18
constant,5,local-gradient2,20,18
constant,6,local-gradient2,21,18
constant,7,local-gradient2,22,18
constant,8,local-gradient2,22,18
constant,9,local-gradient2,23,18
constant,10,local-gradient2,23,18
constant,11,local-gradient2,23,18
constant,12,local-gradient2,24,18
constant,13,local-gradient2,25,18
constant,14,local-gradient2,25,18
constant,15,local-gradient2,26,18
constant,16,local-gradient2,26,18
constant,17,local-gradient2,27,18
constant,18,local-gradient2,27,18
constant,19,local-gradient2,28,18
constant,20,local-gradient2,29,18
constant,21,local-gradient2,30,18
constant,22,local-gradient2,30,18
constant,23,local-gradient2,31,18
constant,24,local-gradient2,32,18
constant,25,local-gradient2,33,18
constant,26,local-gradient2,34,18
constant,27,local-gradient2,34,18
constant,28,local-gradient2,35,18
constant,29,local-gradient2,36,18
constant,30,local-gradient2,37,18
constant,31,local-gradient2,38,18
constant,32,local-gradient2,38,18
constant,33,local-gradient2,39,18
constant,34,local-gradient2,40,18
constant,35,local-gradient2,41,18
constant,36,local-gradient2,42,18
constant,37,local-gradient2,42,18
constant,38,local-gradient2,43,18
constant,39,local-gradient2,44,18
constant,40,local-gradient2,45,18
constant,41,local-gradient2,46,18
constant,42,local-gradient2,46,18
constant,43,local-gradient2,47,18
constant,44,local-gradient2,48,18
constant,45,local-gradient2,49,18
constant,46,local-gradient2,50,18
constant,47,local-gradient2,50,18
constant,48,local-gradient2,51,18
constant,49,local-gradient2,52,18
constant,50,local-gradient2,53,18
constant,51,local-gradient2,54,18
constant,52,local-gradient2,54,18
constant,53,local-gradient2,55,18
constant,54,local-gradient2,56,18
constant,55,local-gradient2,56,18
constant,56,local-gradient2,56,18
constant,57,local-gradient2,56,18
constant,58,local-gradient2,56,18
constant,59,local-gradient2,56,18
constant,60,local-gradient2,56,18
constant,61,local-gradient2,56,18
constant,62,local-gradient2,56,18
constant,63,local-gradient2,56,18
constant,64,local-gradient2,56,18
constant,65,local-gradient2,56,18
constant,66,local-gradient2,56,18
constant,67,local-gradient2,56,18
constant,68,local-gradient2,56,18
constant,69,local-gradient2,56,18
constant,70,local-gradient2,56,18
constant,71,local-gradient2,56,18
constant,72,local-gradient2,56,18
constant,73,local-gradient2,56,18
constant,74,local-gradient2,56,18
constant,75,local-gradient2,56,18
constant,76,local-gradient2,56,18
constant,77,local-gradient2,56,18
constant,78,local-gradient2,56,18
constant,79,local-gradient2,56,18
constant,80,local-gradient2,56,18
constant,81,local-gradient2,56,18
constant,82,local-gradient2,56,18
constant,83,local-gradient2,56,18
constant,84,local-gradient2,56,18
constant,85,local-gradient2,56,18
constant,86,local-gradient2,56,18
constant,87,local-gradient2,56,18
constant,88,local-gradient2,56,18
constant,89,local-gradient2,56,18
constant,90,local-gradient2,56,18
constant,91,local-gradient2,56,18
constant,92,local-gradient2,56,18
constant,93,local-gradient2,56,18
constant,94,local-gradient2,56,18
constant,95,local-gradient2,56,18
constant,96,local-gradient2,56,18
constant,97,local-gradient2,56,18
constant,98,local-gradient2,56,18
constant,99,local-gradient2,56,18
constant,0,netflix-reference,16,18
constant,1,netflix-reference,17,18
constant,2,netflix-reference,18,18
constant,3,netflix-reference,19,18
constant,4,netflix-reference,20,18
constant,5,netflix-reference,20,18
constant,6,netflix-reference,21,18
constant,7,netflix-reference,22,18
constant,8,netflix-reference,22,18
constant,9,netflix-reference,23,18
constant,10,netflix-reference,23,18
constant,11,netflix-reference,23,18
constant,12,netflix-reference,24,18
constant,13,netflix-reference,25,18
constant,14,netflix-reference,25,18
constant,15,netflix-reference,26,18
constant,16,netflix-reference,26,18
constant,17,netflix-reference,27,18
constant,18,netflix-reference,27,18
constant,19,netflix-reference,28,18
constant,20,netflix-reference,29,18
constant,21,netflix-reference,30,18
constant,22,netflix-reference,30,18
constant,23,netflix-reference,31,18
constant,24,netflix-reference,32,18
constant,25,netflix-reference,33,18
constant,26,netflix-reference,34,18
constant,27,netflix-reference,34,18
constant,28,netflix-reference,35,18
constant,29,netflix-reference,36,18
constant,30,netflix-reference,37,18
constant,31,netflix-reference,38,18
constant,32,netflix-reference,38,18
constant,33,netflix-reference,39,18
constant,34,netflix-reference,40,18
constant,35,netflix-reference,41,18
constant,36,netflix-reference,42,18
constant,37,netflix-reference,42,18
constant,38,netflix-reference,43,18
constant,39,netflix-reference,44,18
constant,40,netflix-reference,45,18
constant,41,netflix-reference,46,18
constant,42,netflix-reference,46,18
constant,43,netflix-reference,47,18
constant,44,netflix-reference,48,18
constant,45,netflix-reference,49,18
constant,46,netflix-reference,50,18
constant,47,netflix-reference,50,18
constant,48,netflix-reference,51,18
constant,49,netflix-reference,52,18
constant,50,netflix-reference,53,18
constant,51,netflix-reference,54,18
constant,52,netflix-reference,54,18
constant,53,netflix-reference,55,18
constant,54,netflix-reference,56,18
constant,55,netflix-reference,56,18
constant,56,netflix-reference,56,18
constant,57,netflix-reference,56,18
constant,58,netflix-reference,56,18
constant,59,netflix-reference,56,18
constant,60,netflix-reference,56,18
constant,61,netflix-reference,56,18
constant,62,netflix-reference,56,18
constant,63,netflix-reference,56,18
constant,64,netflix-reference,56,18
constant,65,netflix-reference,56,18
constant,66,netflix-reference,56,18
constant,67,netflix-reference,56,18
constant,68,netflix-reference,56,18
constant,69,netflix-reference,56,18
constant,70,netflix-reference,56,18
constant,71,netflix-reference,56,18
constant,72,netflix-reference,56,18
constant,73,netflix-reference,56,18
constant,74,netflix-reference,56,18
constant,75,netflix-reference,56,18
constant,76,netflix-reference,56,18
constant,77,netflix-reference,56,18
constant,78,netflix-reference,56,18
constant,79,netflix-reference,56,18
constant,80,netflix-reference,56,18
constant,81,netflix-reference,56,18
constant,82,netflix-reference,56,18
constant,83,netflix-reference,56,18
constant,84,netflix-reference,56,18
constant,85,netflix-reference,56,18
constant,86,netflix-reference,56,18
constant,87,netflix-reference,56,18
constant,88,netflix-reference,56,18
constant,89,netflix-reference,56,18
constant,90,netflix-reference,56,18
constant,91,netflix-reference,56,18
constant,92,netflix-reference,56,18
constant,93,netflix-reference,56,18
constant,94,netflix-reference,56,18
constant,95,netflix-reference,56,18
constant,96,netflix-reference,56,18
constant,97,netflix-reference,56,18
constant,98,netflix-reference,56,18
constant,99,netflix-reference,56,18
constant,0,platinum-gradient2,16,18
constant,1,platinum-gradient2,17,18
constant,2,platinum-gradient2,18,18
constant,3,platinum-gradient2,19,18
constant,4,platinum-gradient2,19,18
constant,5,platinum-gradient2,19,18
constant,6,platinum-gradient2,19,18
constant,7,platinum-gradient2,19,18
constant,8,platinum-gradient2,19,18
constant,9,platinum-gradient2,20,18
constant,10,platinum-gradient2,19,18
constant,11,platinum-gradient2,20,18
constant,12,platinum-gradient2,20,18
constant,13,platinum-gradient2,20,18
constant,14,platinum-gradient2,20,18
constant,15,platinum-gradient2,20,18
constant,16,platinum-gradient2,20,18
constant,17,platinum-gradient2,20,18
constant,18,platinum-gradient2,20,18
constant,19,platinum-gradient2,20,18
constant,20,platinum-gradient2,21,18
constant,21,platinum-gradient2,21,18
constant,22,platinum-gradient2,20,18
constant,23,platinum-gradient2,21,18
constant,24,platinum-gradient2,21,18
constant,25,platinum-gradient2,21,18
constant,26,platinum-gradient2,21,18
constant,27,platinum-gradient2,21,18
constant,28,platinum-gradient2,21,18
constant,29,platinum-gradient2,22,18
constant,30,platinum-gradient2,22,18
constant,31,platinum-gradient2,21,18
constant,32,platinum-gradient2,22,18
constant,33,platinum-gradient2,22,18
constant,34,platinum-gradient2,22,18
constant,35,platinum-gradient2,22,18
constant,36,platinum-gradient2,22,18
constant,37,platinum-gradient2,22,18
constant,38,platinum-gradient2,23,18
constant,39,platinum-gradient2,23,18
constant,40,platinum-gradient2,23,18
constant,41,platinum-gradient2,23,18
constant,42,platinum-gradient2,23,18
constant,43,platinum-gradient2,23,18
constant,44,platinum-gradient2,23,18
constant,45,platinum-gradient2,23,18
constant,46,platinum-gradient2,24,18
constant,47,platinum-gradient2,23,18
constant,48,platinum-gradient2,24,18
constant,49,platinum-gradient2,24,18
constant,50,platinum-gradient2,24,18
constant,51,platinum-gradient2,24,18
constant,52,platinum-gradient2,24,18
constant,53,platinum-gradient2,25,18
constant,54,platinum-gradient2,24,18
constant,55,platinum-gradient2,25,18
constant,56,platinum-gradient2,25,18
constant,57,platinum-gradient2,25,18
constant,58,platinum-gradient2,25,18
constant,59,platinum-gradient2,25,18
constant,60,platinum-gradient2,25,18
constant,61,platinum-gradient2,26,18
constant,62,platinum-gradient2,26,18
constant,63,platinum-gradient2,26,18
constant,64,platinum-gradient2,26,18
constant,65,platinum-gradient2,26,18
constant,66,platinum-gradient2,26,18
constant,67,platinum-gradient2,26,18
constant,68,platinum-gradient2,27,18
constant,69,platinum-gradient2,27,18
constant,70,platinum-gradient2,27,18
constant,71,platinum-gradient2,27,18
constant,72,platinum-gradient2,27,18
constant,73,platinum-gradient2,27,18
constant,74,platinum-gradient2,28,18
constant,75,platinum-gradient2,28,18
constant,76,platinum-gradient2,28,18
constant,77,platinum-gradient2,28,18
constant,78,platinum-gradient2,28,18
constant,79,platinum-gradient2,28,18
constant,80,platinum-gradient2,28,18
constant,81,platinum-gradient2,29,18
constant,82,platinum-gradient2,29,18
constant,83,platinum-gradient2,29,18
constant,84,platinum-gradient2,30,18
constant,85,platinum-gradient2,30,18
constant,86,platinum-gradient2,31,18
constant,87,platinum-gradient2,31,18
constant,88,platinum-gradient2,32,18
constant,89,platinum-gradient2,32,18
constant,90,platinum-gradient2,33,18
constant,91,platinum-gradient2,34,18
constant,92,platinum-gradient2,34,18
constant,93,platinum-gradient2,35,18
constant,94,platinum-gradient2,36,18
constant,95,platinum-gradient2,36,18
constant,96,platinum-gradient2,37,18
constant,97,platinum-gradient2,38,18
constant,98,platinum-gradient2,38,18
constant,99,platinum-gradient2,39,18
constant,0,failsafe-go,17,18
constant,1,failsafe-go,18,18
constant,2,failsafe-go,19,18
constant,3,failsafe-go,20,18
constant,4,failsafe-go,21,18
constant,5,failsafe-go,22,18
constant,6,failsafe-go,22,18
constant,7,failsafe-go,22,18
constant,8,failsafe-go,22,18
constant,9,failsafe-go,22,18
constant,10,failsafe-go,21,18
constant,11,failsafe-go,21,18
constant,12,failsafe-go,21,18
constant,13,failsafe-go,21,18
constant,14,failsafe-go,21,18
constant,15,failsafe-go,21,18
constant,16,failsafe-go,21,18
constant,17,failsafe-go,22,18
constant,18,failsafe-go,23,18
constant,19,failsafe-go,24,18
constant,20,failsafe-go,24,18
constant,21,failsafe-go,24,18
constant,22,failsafe-go,24,18
constant,23,failsafe-go,24,18
constant,24,failsafe-go,24,18
constant,25,failsafe-go,24,18
constant,26,failsafe-go,24,18
constant,27,failsafe-go,24,18
constant,28,failsafe-go,24,18
constant,29,failsafe-go,25,18
constant,30,failsafe-go,26,18
constant,31,failsafe-go,27,18
constant,32,failsafe-go,27,18
constant,33,failsafe-go,27,18
constant,34,failsafe-go,27,18
constant,35,failsafe-go,27,18
constant,36,failsafe-go,27,18
constant,37,failsafe-go,27,18
constant,38,failsafe-go,27,18
constant,39,failsafe-go,27,18
constant,40,failsafe-go,27,18
constant,41,failsafe-go,28,18
constant,42,failsafe-go,29,18
constant,43,failsafe-go,29,18
constant,44,failsafe-go,29,18
constant,45,failsafe-go,30,18
constant,46,failsafe-go,31,18
constant,47,failsafe-go,32,18
constant,48,failsafe-go,33,18
constant,49,failsafe-go,34,18
constant,50,failsafe-go,35,18
constant,51,failsafe-go,36,18
constant,52,failsafe-go,37,18
constant,53,failsafe-go,38,18
constant,54,failsafe-go,39,18
constant,55,failsafe-go,40,18
constant,56,failsafe-go,41,18
constant,57,failsafe-go,42,18
constant,58,failsafe-go,43,18
constant,59,failsafe-go,44,18
constant,60,failsafe-go,45,18
constant,61,failsafe-go,46,18
constant,62,failsafe-go,47,18
constant,63,failsafe-go,48,18
constant,64,failsafe-go,49,18
constant,65,failsafe-go,50,18
constant,66,failsafe-go,51,18
constant,67,failsafe-go,52,18
constant,68,failsafe-go,53,18
constant,69,failsafe-go,54,18
constant,70,failsafe-go,55,18
constant,71,failsafe-go,56,18
constant,72,failsafe-go,57,18
constant,73,failsafe-go,58,18
constant,74,failsafe-go,59,18
constant,75,failsafe-go,60,18
constant,76,failsafe-go,61,18
constant,77,failsafe-go,62,18
constant,78,failsafe-go,63,18
constant,79,failsafe-go,64,18
constant,80,failsafe-go,64,18
constant,81,failsafe-go,64,18
constant,82,failsafe-go,64,18
constant,83,failsafe-go,64,18
constant,84,failsafe-go,64,18
constant,85,failsafe-go,64,18
constant,86,failsafe-go,64,18
constant,87,failsafe-go,64,18
constant,88,failsafe-go,64,18
constant,89,failsafe-go,64,18
constant,90,failsafe-go,64,18
constant,91,failsafe-go,64,18
constant,92,failsafe-go,64,18
constant,93,failsafe-go,64,18
constant,94,failsafe-go,64,18
constant,95,failsafe-go,64,18
constant,96,failsafe-go,64,18
constant,97,failsafe-go,64,18
constant,98,failsafe-go,64,18
constant,99,failsafe-go,64,18
bursty,0,local-gradient2,16,18
bursty,1,local-gradient2,17,18
bursty,2,local-gradient2,18,18
bursty,3,local-gradient2,19,18
bursty,4,local-gradient2,20,18
bursty,5,local-gradient2,20,18
bursty,6,local-gradient2,21,18
bursty,7,local-gradient2,22,18
bursty,8,local-gradient2,22,18
bursty,9,local-gradient2,22,18
bursty,10,local-gradient2,23,18
bursty,11,local-gradient2,24,18
bursty,12,local-gradient2,25,18
bursty,13,local-gradient2,26,18
bursty,14,local-gradient2,26,18
bursty,15,local-gradient2,27,18
bursty,16,local-gradient2,25,18
bursty,17,local-gradient2,26,18
bursty,18,local-gradient2,27,18
bursty,19,local-gradient2,28,18
bursty,20,local-gradient2,28,18
bursty,21,local-gradient2,28,18
bursty,22,local-gradient2,28,18
bursty,23,local-gradient2,28,18
bursty,24,local-gradient2,26,18
bursty,25,local-gradient2,26,18
bursty,26,local-gradient2,27,18
bursty,27,local-gradient2,28,18
bursty,28,local-gradient2,28,18
bursty,29,local-gradient2,28,18
bursty,30,local-gradient2,28,18
bursty,31,local-gradient2,28,18
bursty,32,local-gradient2,26,18
bursty,33,local-gradient2,27,18
bursty,34,local-gradient2,28,18
bursty,35,local-gradient2,28,18
bursty,36,local-gradient2,28,18
bursty,37,local-gradient2,28,18
bursty,38,local-gradient2,28,18
bursty,39,local-gradient2,28,18
bursty,40,local-gradient2,26,18
bursty,41,local-gradient2,27,18
bursty,42,local-gradient2,27,18
bursty,43,local-gradient2,28,18
bursty,44,local-gradient2,28,18
bursty,45,local-gradient2,28,18
bursty,46,local-gradient2,28,18
bursty,47,local-gradient2,28,18
bursty,48,local-gradient2,27,18
bursty,49,local-gradient2,27,18
bursty,50,local-gradient2,28,18
bursty,51,local-gradient2,28,18
bursty,52,local-gradient2,28,18
bursty,53,local-gradient2,28,18
bursty,54,local-gradient2,28,18
bursty,55,local-gradient2,28,18
bursty,56,local-gradient2,26,18
bursty,57,local-gradient2,27,18
bursty,58,local-gradient2,28,18
bursty,59,local-gradient2,28,18
bursty,60,local-gradient2,28,18
bursty,61,local-gradient2,28,18
bursty,62,local-gradient2,28,18
bursty,63,local-gradient2,28,18
bursty,64,local-gradient2,26,18
bursty,65,local-gradient2,27,18
bursty,66,local-gradient2,28,18
bursty,67,local-gradient2,28,18
bursty,68,local-gradient2,28,18
bursty,69,local-gradient2,28,18
bursty,70,local-gradient2,28,18
bursty,71,local-gradient2,28,18
bursty,72,local-gradient2,26,18
bursty,73,local-gradient2,27,18
bursty,74,local-gradient2,27,18
bursty,75,local-gradient2,28,18
bursty,76,local-gradient2,28,18
bursty,77,local-gradient2,28,18
bursty,78,local-gradient2,28,18
bursty,79,local-gradient2,28,18
bursty,80,local-gradient2,26,18
bursty,81,local-gradient2,27,18
bursty,82,local-gradient2,28,18
bursty,83,local-gradient2,28,18
bursty,84,local-gradient2,28,18
bursty,85,local-gradient2,28,18
bursty,86,local-gradient2,28,18
bursty,87,local-gradient2,28,18
bursty,88,local-gradient2,26,18
bursty,89,local-gradient2,27,18
bursty,90,local-gradient2,28,18
bursty,91,local-gradient2,28,18
bursty,92,local-gradient2,28,18
bursty,93,local-gradient2,28,18
bursty,94,local-gradient2,28,18
bursty,95,local-gradient2,28,18
bursty,96,local-gradient2,26,18
bursty,97,local-gradient2,27,18
bursty,98,local-gradient2,28,18
bursty,99,local-gradient2,28,18
bursty,0,netflix-reference,16,18
bursty,1,netflix-reference,17,18
bursty,2,netflix-reference,18,18
bursty,3,netflix-reference,19,18
bursty,4,netflix-reference,20,18
bursty,5,netflix-reference,20,18
bursty,6,netflix-reference,21,18
bursty,7,netflix-reference,22,18
bursty,8,netflix-reference,22,18
bursty,9,netflix-reference,22,18
bursty,10,netflix-reference,23,18
bursty,11,netflix-reference,24,18
bursty,12,netflix-reference,25,18
bursty,13,netflix-reference,26,18
bursty,14,netflix-reference,26,18
bursty,15,netflix-reference,27,18
bursty,16,netflix-reference,25,18
bursty,17,netflix-reference,26,18
bursty,18,netflix-reference,27,18
bursty,19,netflix-reference,28,18
bursty,20,netflix-reference,28,18
bursty,21,netflix-reference,28,18
bursty,22,netflix-reference,28,18
bursty,23,netflix-reference,28,18
bursty,24,netflix-reference,26,18
bursty,25,netflix-reference,26,18
bursty,26,netflix-reference,27,18
bursty,27,netflix-reference,28,18
bursty,28,netflix-reference,28,18
bursty,29,netflix-reference,28,18
bursty,30,netflix-reference,28,18
bursty,31,netflix-reference,28,18
bursty,32,netflix-reference,26,18
bursty,33,netflix-reference,27,18
bursty,34,netflix-reference,28,18
bursty,35,netflix-reference,28,18
bursty,36,netflix-reference,28,18
bursty,37,netflix-reference,28,18
bursty,38,netflix-reference,28,18
bursty,39,netflix-reference,28,18
bursty,40,netflix-reference,26,18
bursty,41,netflix-reference,27,18
bursty,42,netflix-reference,27,18
bursty,43,netflix-reference,28,18
bursty,44,netflix-reference,28,18
bursty,45,netflix-reference,28,18
bursty,46,netflix-reference,28,18
bursty,47,netflix-reference,28,18
bursty,48,netflix-reference,27,18
bursty,49,netflix-reference,27,18
bursty,50,netflix-reference,28,18
bursty,51,netflix-reference,28,18
bursty,52,netflix-reference,28,18
bursty,53,netflix-reference,28,18
bursty,54,netflix-reference,28,18
bursty,55,netflix-reference,28,18
bursty,56,netflix-reference,26,18
bursty,57,netflix-reference,27,18
bursty,58,netflix-reference,28,18
bursty,59,netflix-reference,28,18
bursty,60,netflix-reference,28,18
bursty,61,netflix-reference,28,18
bursty,62,netflix-reference,28,18
bursty,63,netflix-reference,28,18
bursty,64,netflix-reference,26,18
bursty,65,netflix-reference,27,18
bursty,66,netflix-reference,28,18
bursty,67,netflix-reference,28,18
bursty,68,netflix-reference,28,18
bursty,69,netflix-reference,28,18
bursty,70,netflix-reference,28,18
bursty,71,netflix-reference,28,18
bursty,72,netflix-reference,26,18
bursty,73,netflix-reference,27,18
bursty,74,netflix-reference,27,18
bursty,75,netflix-reference,28,18
bursty,76,netflix-reference,28,18
bursty,77,netflix-reference,28,18
bursty,78,netflix-reference,28,18
bursty,79,netflix-reference,28,18
bursty,80,netflix-reference,26,18
bursty,81,netflix-reference,27,18
bursty,82,netflix-reference,28,18
bursty,83,netflix-reference,28,18
bursty,84,netflix-reference,28,18
bursty,85,netflix-reference,28,18
bursty,86,netflix-reference,28,18
bursty,87,netflix-reference,28,18
bursty,88,netflix-reference,26,18
bursty,89,netflix-reference,27,18
bursty,90,netflix-reference,28,18
bursty,91,netflix-reference,28,18
bursty,92,netflix-reference,28,18
bursty,93,netflix-reference,28,18
bursty,94,netflix-reference,28,18
bursty,95,netflix-reference,28,18
bursty,96,netflix-reference,26,18
bursty,97,netflix-reference,27,18
bursty,98,netflix-reference,28,18
bursty,99,netflix-reference,28,18
bursty,0,platinum-gradient2,16,18
bursty,1,platinum-gradient2,17,18
bursty,2,platinum-gradient2,17,18
bursty,3,platinum-gradient2,18,18
bursty,4,platinum-gradient2,18,18
bursty,5,platinum-gradient2,19,18
bursty,6,platinum-gradient2,19,18
bursty,7,platinum-gradient2,19,18
bursty,8,platinum-gradient2,19,18
bursty,9,platinum-gradient2,20,18
bursty,10,platinum-gradient2,21,18
bursty,11,platinum-gradient2,21,18
bursty,12,platinum-gradient2,21,18
bursty,13,platinum-gradient2,22,18
bursty,14,platinum-gradient2,22,18
bursty,15,platinum-gradient2,23,18
bursty,16,platinum-gradient2,21,18
bursty,17,platinum-gradient2,22,18
bursty,18,platinum-gradient2,23,18
bursty,19,platinum-gradient2,23,18
bursty,20,platinum-gradient2,24,18
bursty,21,platinum-gradient2,24,18
bursty,22,platinum-gradient2,25,18
bursty,23,platinum-gradient2,26,18
bursty,24,platinum-gradient2,24,18
bursty,25,platinum-gradient2,25,18
bursty,26,platinum-gradient2,26,18
bursty,27,platinum-gradient2,26,18
bursty,28,platinum-gradient2,27,18
bursty,29,platinum-gradient2,28,18
bursty,30,platinum-gradient2,28,18
bursty,31,platinum-gradient2,28,18
bursty,32,platinum-gradient2,26,18
bursty,33,platinum-gradient2,27,18
bursty,34,platinum-gradient2,28,18
bursty,35,platinum-gradient2,28,18
bursty,36,platinum-gradient2,28,18
bursty,37,platinum-gradient2,28,18
bursty,38,platinum-gradient2,28,18
bursty,39,platinum-gradient2,28,18
bursty,40,platinum-gradient2,26,18
bursty,41,platinum-gradient2,26,18
bursty,42,platinum-gradient2,27,18
bursty,43,platinum-gradient2,28,18
bursty,44,platinum-gradient2,28,18
bursty,45,platinum-gradient2,28,18
bursty,46,platinum-gradient2,28,18
bursty,47,platinum-gradient2,28,18
bursty,48,platinum-gradient2,26,18
bursty,49,platinum-gradient2,27,18
bursty,50,platinum-gradient2,28,18
bursty,51,platinum-gradient2,28,18
bursty,52,platinum-gradient2,28,18
bursty,53,platinum-gradient2,28,18
bursty,54,platinum-gradient2,28,18
bursty,55,platinum-gradient2,28,18
bursty,56,platinum-gradient2,26,18
bursty,57,platinum-gradient2,26,18
bursty,58,platinum-gradient2,27,18
bursty,59,platinum-gradient2,28,18
bursty,60,platinum-gradient2,28,18
bursty,61,platinum-gradient2,28,18
bursty,62,platinum-gradient2,28,18
bursty,63,platinum-gradient2,28,18
bursty,64,platinum-gradient2,26,18
bursty,65,platinum-gradient2,27,18
bursty,66,platinum-gradient2,27,18
bursty,67,platinum-gradient2,28,18
bursty,68,platinum-gradient2,28,18
bursty,69,platinum-gradient2,28,18
bursty,70,platinum-gradient2,28,18
bursty,71,platinum-gradient2,28,18
bursty,72,platinum-gradient2,26,18
bursty,73,platinum-gradient2,27,18
bursty,74,platinum-gradient2,28,18
bursty,75,platinum-gradient2,28,18
bursty,76,platinum-gradient2,28,18
bursty,77,platinum-gradient2,28,18
bursty,78,platinum-gradient2,28,18
bursty,79,platinum-gradient2,28,18
bursty,80,platinum-gradient2,26,18
bursty,81,platinum-gradient2,27,18
bursty,82,platinum-gradient2,27,18
bursty,83,platinum-gradient2,28,18
bursty,84,platinum-gradient2,28,18
bursty,85,platinum-gradient2,28,18
bursty,86,platinum-gradient2,28,18
bursty,87,platinum-gradient2,28,18
bursty,88,platinum-gradient2,26,18
bursty,89,platinum-gradient2,27,18
bursty,90,platinum-gradient2,28,18
bursty,91,platinum-gradient2,28,18
bursty,92,platinum-gradient2,28,18
bursty,93,platinum-gradient2,28,18
bursty,94,platinum-gradient2,28,18
bursty,95,platinum-gradient2,28,18
bursty,96,platinum-gradient2,26,18
bursty,97,platinum-gradient2,26,18
bursty,98,platinum-gradient2,27,18
bursty,99,platinum-gradient2,28,18
bursty,0,failsafe-go,17,18
bursty,1,failsafe-go,18,18
bursty,2,failsafe-go,19,18
bursty,3,failsafe-go,20,18
bursty,4,failsafe-go,21,18
bursty,5,failsafe-go,22,18
bursty,6,failsafe-go,23,18
bursty,7,failsafe-go,24,18
bursty,8,failsafe-go,25,18
bursty,9,failsafe-go,26,18
bursty,10,failsafe-go,26,18
bursty,11,failsafe-go,26,18
bursty,12,failsafe-go,26,18
bursty,13,failsafe-go,26,18
bursty,14,failsafe-go,27,18
bursty,15,failsafe-go,28,18
bursty,16,failsafe-go,29,18
bursty,17,failsafe-go,30,18
bursty,18,failsafe-go,31,18
bursty,19,failsafe-go,32,18
bursty,20,failsafe-go,33,18
bursty,21,failsafe-go,34,18
bursty,22,failsafe-go,35,18
bursty,23,failsafe-go,36,18
bursty,24,failsafe-go,37,18
bursty,25,failsafe-go,37,18
bursty,26,failsafe-go,38,18
bursty,27,failsafe-go,38,18
bursty,28,failsafe-go,38,18
bursty,29,failsafe-go,38,18
bursty,30,failsafe-go,39,18
bursty,31,failsafe-go,40,18
bursty,32,failsafe-go,41,18
bursty,33,failsafe-go,42,18
bursty,34,failsafe-go,43,18
bursty,35,failsafe-go,44,18
bursty,36,failsafe-go,45,18
bursty,37,failsafe-go,46,18
bursty,38,failsafe-go,47,18
bursty,39,failsafe-go,48,18
bursty,40,failsafe-go,49,18
bursty,41,failsafe-go,50,18
bursty,42,failsafe-go,51,18
bursty,43,failsafe-go,52,18
bursty,44,failsafe-go,53,18
bursty,45,failsafe-go,54,18
bursty,46,failsafe-go,55,18
bursty,47,failsafe-go,56,18
bursty,48,failsafe-go,57,18
bursty,49,failsafe-go,57,18
bursty,50,failsafe-go,57,18
bursty,51,failsafe-go,57,18
bursty,52,failsafe-go,57,18
bursty,53,failsafe-go,58,18
bursty,54,failsafe-go,59,18
bursty,55,failsafe-go,60,18
bursty,56,failsafe-go,61,18
bursty,57,failsafe-go,62,18
bursty,58,failsafe-go,63,18
bursty,59,failsafe-go,64,18
bursty,60,failsafe-go,64,18
bursty,61,failsafe-go,64,18
bursty,62,failsafe-go,64,18
bursty,63,failsafe-go,64,18
bursty,64,failsafe-go,64,18
bursty,65,failsafe-go,64,18
bursty,66,failsafe-go,64,18
bursty,67,failsafe-go,64,18
bursty,68,failsafe-go,64,18
bursty,69,failsafe-go,64,18
bursty,70,failsafe-go,64,18
bursty,71,failsafe-go,64,18
bursty,72,failsafe-go,64,18
bursty,73,failsafe-go,64,18
bursty,74,failsafe-go,64,18
bursty,75,failsafe-go,64,18
bursty,76,failsafe-go,64,18
bursty,77,failsafe-go,64,18
bursty,78,failsafe-go,64,18
bursty,79,failsafe-go,64,18
bursty,80,failsafe-go,64,18
bursty,81,failsafe-go,64,18
bursty,82,failsafe-go,64,18
bursty,83,failsafe-go,64,18
bursty,84,failsafe-go,64,18
bursty,85,failsafe-go,64,18
bursty,86,failsafe-go,64,18
bursty,87,failsafe-go,64,18
bursty,88,failsafe-go,64,18
bursty,89,failsafe-go,64,18
bursty,90,failsafe-go,64,18
bursty,91,failsafe-go,64,18
bursty,92,failsafe-go,64,18
bursty,93,failsafe-go,64,18
bursty,94,failsafe-go,64,18
bursty,95,failsafe-go,64,18
bursty,96,failsafe-go,64,18
bursty,97,failsafe-go,64,18
bursty,98,failsafe-go,63,18
bursty,99,failsafe-go,62,18
ramp,0,local-gradient2,16,18
ramp,1,local-gradient2,16,18
ramp,2,local-gradient2,16,18
ramp,3,local-gradient2,16,18
ramp,4,local-gradient2,16,18
ramp,5,local-gradient2,16,18
ramp,6,local-gradient2,16,18
ramp,7,local-gradient2,16,18
ramp,8,local-gradient2,16,18
ramp,9,local-gradient2,16,18
ramp,10,local-gradient2,17,18
ramp,11,local-gradient2,18,18
ramp,12,local-gradient2,19,18
ramp,13,local-gradient2,20,18
ramp,14,local-gradient2,20,18
ramp,15,local-gradient2,21,18
ramp,16,local-gradient2,22,18
ramp,17,local-gradient2,23,18
ramp,18,local-gradient2,24,18
ramp,19,local-gradient2,24,18
ramp,20,local-gradient2,25,18
ramp,21,local-gradient2,26,18
ramp,22,local-gradient2,27,18
ramp,23,local-gradient2,28,18
ramp,24,local-gradient2,28,18
ramp,25,local-gradient2,29,18
ramp,26,local-gradient2,30,18
ramp,27,local-gradient2,31,18
ramp,28,local-gradient2,32,18
ramp,29,local-gradient2,32,18
ramp,30,local-gradient2,33,18
ramp,31,local-gradient2,34,18
ramp,32,local-gradient2,34,18
ramp,33,local-gradient2,35,18
ramp,34,local-gradient2,34,18
ramp,35,local-gradient2,34,18
ramp,36,local-gradient2,34,18
ramp,37,local-gradient2,35,18
ramp,38,local-gradient2,35,18
ramp,39,local-gradient2,35,18
ramp,40,local-gradient2,35,18
ramp,41,local-gradient2,35,18
ramp,42,local-gradient2,35,18
ramp,43,local-gradient2,35,18
ramp,44,local-gradient2,35,18
ramp,45,local-gradient2,36,18
ramp,46,local-gradient2,36,18
ramp,47,local-gradient2,37,18
ramp,48,local-gradient2,38,18
ramp,49,local-gradient2,39,18
ramp,50,local-gradient2,40,18
ramp,51,local-gradient2,40,18
ramp,52,local-gradient2,41,18
ramp,53,local-gradient2,42,18
ramp,54,local-gradient2,43,18
ramp,55,local-gradient2,44,18
ramp,56,local-gradient2,44,18
ramp,57,local-gradient2,45,18
ramp,58,local-gradient2,46,18
ramp,59,local-gradient2,47,18
ramp,60,local-gradient2,48,18
ramp,61,local-gradient2,48,18
ramp,62,local-gradient2,49,18
ramp,63,local-gradient2,50,18
ramp,64,local-gradient2,51,18
ramp,65,local-gradient2,52,18
ramp,66,local-gradient2,52,18
ramp,67,local-gradient2,53,18
ramp,68,local-gradient2,54,18
ramp,69,local-gradient2,55,18
ramp,70,local-gradient2,56,18
ramp,71,local-gradient2,56,18
ramp,72,local-gradient2,57,18
ramp,73,local-gradient2,58,18
ramp,74,local-gradient2,59,18
ramp,75,local-gradient2,60,18
ramp,76,local-gradient2,60,18
ramp,77,local-gradient2,61,18
ramp,78,local-gradient2,62,18
ramp,79,local-gradient2,63,18
ramp,80,local-gradient2,64,18
ramp,81,local-gradient2,64,18
ramp,82,local-gradient2,64,18
ramp,83,local-gradient2,64,18
ramp,84,local-gradient2,64,18
ramp,85,local-gradient2,64,18
ramp,86,local-gradient2,64,18
ramp,87,local-gradient2,64,18
ramp,88,local-gradient2,64,18
ramp,89,local-gradient2,64,18
ramp,90,local-gradient2,64,18
ramp,91,local-gradient2,64,18
ramp,92,local-gradient2,64,18
ramp,93,local-gradient2,64,18
ramp,94,local-gradient2,64,18
ramp,95,local-gradient2,64,18
ramp,96,local-gradient2,64,18
ramp,97,local-gradient2,64,18
ramp,98,local-gradient2,64,18
ramp,99,local-gradient2,64,18
ramp,0,netflix-reference,16,18
ramp,1,netflix-reference,16,18
ramp,2,netflix-reference,16,18
ramp,3,netflix-reference,16,18
ramp,4,netflix-reference,16,18
ramp,5,netflix-reference,16,18
ramp,6,netflix-reference,16,18
ramp,7,netflix-reference,16,18
ramp,8,netflix-reference,16,18
ramp,9,netflix-reference,16,18
ramp,10,netflix-reference,17,18
ramp,11,netflix-reference,18,18
ramp,12,netflix-reference,19,18
ramp,13,netflix-reference,20,18
ramp,14,netflix-reference,20,18
ramp,15,netflix-reference,21,18
ramp,16,netflix-reference,22,18
ramp,17,netflix-reference,23,18
ramp,18,netflix-reference,24,18
ramp,19,netflix-reference,24,18
ramp,20,netflix-reference,25,18
ramp,21,netflix-reference,26,18
ramp,22,netflix-reference,27,18
ramp,23,netflix-reference,28,18
ramp,24,netflix-reference,28,18
ramp,25,netflix-reference,29,18
ramp,26,netflix-reference,30,18
ramp,27,netflix-reference,31,18
ramp,28,netflix-reference,32,18
ramp,29,netflix-reference,32,18
ramp,30,netflix-reference,33,18
ramp,31,netflix-reference,34,18
ramp,32,netflix-reference,34,18
ramp,33,netflix-reference,35,18
ramp,34,netflix-reference,34,18
ramp,35,netflix-reference,34,18
ramp,36,netflix-reference,34,18
ramp,37,netflix-reference,35,18
ramp,38,netflix-reference,35,18
ramp,39,netflix-reference,35,18
ramp,40,netflix-reference,35,18
ramp,41,netflix-reference,35,18
ramp,42,netflix-reference,35,18
ramp,43,netflix-reference,35,18
ramp,44,netflix-reference,35,18
ramp,45,netflix-reference,36,18
ramp,46,netflix-reference,36,18
ramp,47,netflix-reference,37,18
ramp,48,netflix-reference,38,18
ramp,49,netflix-reference,39,18
ramp,50,netflix-reference,40,18
ramp,51,netflix-reference,40,18
ramp,52,netflix-reference,41,18
ramp,53,netflix-reference,42,18
ramp,54,netflix-reference,43,18
ramp,55,netflix-reference,44,18
ramp,56,netflix-reference,44,18
ramp,57,netflix-reference,45,18
ramp,58,netflix-reference,46,18
ramp,59,netflix-reference,47,18
ramp,60,netflix-reference,48,18
ramp,61,netflix-reference,48,18
ramp,62,netflix-reference,49,18
ramp,63,netflix-reference,50,18
ramp,64,netflix-reference,51,18
ramp,65,netflix-reference,52,18
ramp,66,netflix-reference,52,18
ramp,67,netflix-reference,53,18
ramp,68,netflix-reference,54,18
ramp,69,netflix-reference,55,18
ramp,70,netflix-reference,56,18
ramp,71,netflix-reference,56,18
ramp,72,netflix-reference,57,18
ramp,73,netflix-reference,58,18
ramp,74,netflix-reference,59,18
ramp,75,netflix-reference,60,18
ramp,76,netflix-reference,60,18
ramp,77,netflix-reference,61,18
ramp,78,netflix-reference,62,18
ramp,79,netflix-reference,63,18
ramp,80,netflix-reference,64,18
ramp,81,netflix-reference,64,18
ramp,82,netflix-reference,64,18
ramp,83,netflix-reference,64,18
ramp,84,netflix-reference,64,18
ramp,85,netflix-reference,64,18
ramp,86,netflix-reference,64,18
ramp,87,netflix-reference,64,18
ramp,88,netflix-reference,64,18
ramp,89,netflix-reference,64,18
ramp,90,netflix-reference,64,18
ramp,91,netflix-reference,64,18
ramp,92,netflix-reference,64,18
ramp,93,netflix-reference,64,18
ramp,94,netflix-reference,64,18
ramp,95,netflix-reference,64,18
ramp,96,netflix-reference,64,18
ramp,97,netflix-reference,64,18
ramp,98,netflix-reference,64,18
ramp,99,netflix-reference,64,18
ramp,0,platinum-gradient2,16,18
ramp,1,platinum-gradient2,16,18
ramp,2,platinum-gradient2,16,18
ramp,3,platinum-gradient2,16,18
ramp,4,platinum-gradient2,16,18
ramp,5,platinum-gradient2,16,18
ramp,6,platinum-gradient2,16,18
ramp,7,platinum-gradient2,16,18
ramp,8,platinum-gradient2,16,18
ramp,9,platinum-gradient2,16,18
ramp,10,platinum-gradient2,17,18
ramp,11,platinum-gradient2,18,18
ramp,12,platinum-gradient2,19,18
ramp,13,platinum-gradient2,19,18
ramp,14,platinum-gradient2,19,18
ramp,15,platinum-gradient2,20,18
ramp,16,platinum-gradient2,21,18
ramp,17,platinum-gradient2,22,18
ramp,18,platinum-gradient2,22,18
ramp,19,platinum-gradient2,22,18
ramp,20,platinum-gradient2,23,18
ramp,21,platinum-gradient2,23,18
ramp,22,platinum-gradient2,24,18
ramp,23,platinum-gradient2,24,18
ramp,24,platinum-gradient2,25,18
ramp,25,platinum-gradient2,26,18
ramp,26,platinum-gradient2,27,18
ramp,27,platinum-gradient2,26,18
ramp,28,platinum-gradient2,27,18
ramp,29,platinum-gradient2,28,18
ramp,30,platinum-gradient2,27,18
ramp,31,platinum-gradient2,27,18
ramp,32,platinum-gradient2,26,18
ramp,33,platinum-gradient2,25,18
ramp,34,platinum-gradient2,23,18
ramp,35,platinum-gradient2,22,18
ramp,36,platinum-gradient2,21,18
ramp,37,platinum-gradient2,21,18
ramp,38,platinum-gradient2,21,18
ramp,39,platinum-gradient2,20,18
ramp,40,platinum-gradient2,21,18
ramp,41,platinum-gradient2,21,18
ramp,42,platinum-gradient2,21,18
ramp,43,platinum-gradient2,21,18
ramp,44,platinum-gradient2,21,18
ramp,45,platinum-gradient2,21,18
ramp,46,platinum-gradient2,21,18
ramp,47,platinum-gradient2,21,18
ramp,48,platinum-gradient2,22,18
ramp,49,platinum-gradient2,22,18
ramp,50,platinum-gradient2,22,18
ramp,51,platinum-gradient2,22,18
ramp,52,platinum-gradient2,22,18
ramp,53,platinum-gradient2,22,18
ramp,54,platinum-gradient2,22,18
ramp,55,platinum-gradient2,22,18
ramp,56,platinum-gradient2,22,18
ramp,57,platinum-gradient2,23,18
ramp,58,platinum-gradient2,22,18
ramp,59,platinum-gradient2,23,18
ramp,60,platinum-gradient2,23,18
ramp,61,platinum-gradient2,23,18
ramp,62,platinum-gradient2,23,18
ramp,63,platinum-gradient2,24,18
ramp,64,platinum-gradient2,23,18
ramp,65,platinum-gradient2,23,18
ramp,66,platinum-gradient2,24,18
ramp,67,platinum-gradient2,24,18
ramp,68,platinum-gradient2,24,18
ramp,69,platinum-gradient2,24,18
ramp,70,platinum-gradient2,24,18
ramp,71,platinum-gradient2,25,18
ramp,72,platinum-gradient2,24,18
ramp,73,platinum-gradient2,25,18
ramp,74,platinum-gradient2,25,18
ramp,75,platinum-gradient2,25,18
ramp,76,platinum-gradient2,25,18
ramp,77,platinum-gradient2,25,18
ramp,78,platinum-gradient2,25,18
ramp,79,platinum-gradient2,26,18
ramp,80,platinum-gradient2,26,18
ramp,81,platinum-gradient2,26,18
ramp,82,platinum-gradient2,26,18
ramp,83,platinum-gradient2,26,18
ramp,84,platinum-gradient2,26,18
ramp,85,platinum-gradient2,26,18
ramp,86,platinum-gradient2,26,18
ramp,87,platinum-gradient2,27,18
ramp,88,platinum-gradient2,27,18
ramp,89,platinum-gradient2,27,18
ramp,90,platinum-gradient2,27,18
ramp,91,platinum-gradient2,27,18
ramp,92,platinum-gradient2,27,18
ramp,93,platinum-gradient2,27,18
ramp,94,platinum-gradient2,27,18
ramp,95,platinum-gradient2,28,18
ramp,96,platinum-gradient2,28,18
ramp,97,platinum-gradient2,28,18
ramp,98,platinum-gradient2,28,18
ramp,99,platinum-gradient2,28,18
ramp,0,failsafe-go,17,18
ramp,1,failsafe-go,18,18
ramp,2,failsafe-go,19,18
ramp,3,failsafe-go,20,18
ramp,4,failsafe-go,21,18
ramp,5,failsafe-go,22,18
ramp,6,failsafe-go,23,18
ramp,7,failsafe-go,23,18
ramp,8,failsafe-go,23,18
ramp,9,failsafe-go,23,18
ramp,10,failsafe-go,23,18
ramp,11,failsafe-go,23,18
ramp,12,failsafe-go,24,18
ramp,13,failsafe-go,25,18
ramp,14,failsafe-go,26,18
ramp,15,failsafe-go,27,18
ramp,16,failsafe-go,28,18
ramp,17,failsafe-go,29,18
ramp,18,failsafe-go,30,18
ramp,19,failsafe-go,31,18
ramp,20,failsafe-go,32,18
ramp,21,failsafe-go,32,18
ramp,22,failsafe-go,32,18
ramp,23,failsafe-go,32,18
ramp,24,failsafe-go,33,18
ramp,25,failsafe-go,34,18
ramp,26,failsafe-go,35,18
ramp,27,failsafe-go,36,18
ramp,28,failsafe-go,37,18
ramp,29,failsafe-go,38,18
ramp,30,failsafe-go,39,18
ramp,31,failsafe-go,39,18
ramp,32,failsafe-go,39,18
ramp,33,failsafe-go,39,18
ramp,34,failsafe-go,38,18
ramp,35,failsafe-go,37,18
ramp,36,failsafe-go,36,18
ramp,37,failsafe-go,35,18
ramp,38,failsafe-go,34,18
ramp,39,failsafe-go,33,18
ramp,40,failsafe-go,32,18
ramp,41,failsafe-go,31,18
ramp,42,failsafe-go,30,18
ramp,43,failsafe-go,29,18
ramp,44,failsafe-go,28,18
ramp,45,failsafe-go,27,18
ramp,46,failsafe-go,26,18
ramp,47,failsafe-go,26,18
ramp,48,failsafe-go,26,18
ramp,49,failsafe-go,26,18
ramp,50,failsafe-go,26,18
ramp,51,failsafe-go,26,18
ramp,52,failsafe-go,26,18
ramp,53,failsafe-go,27,18
ramp,54,failsafe-go,28,18
ramp,55,failsafe-go,29,18
ramp,56,failsafe-go,29,18
ramp,57,failsafe-go,29,18
ramp,58,failsafe-go,29,18
ramp,59,failsafe-go,29,18
ramp,60,failsafe-go,29,18
ramp,61,failsafe-go,29,18
ramp,62,failsafe-go,29,18
ramp,63,failsafe-go,29,18
ramp,64,failsafe-go,29,18
ramp,65,failsafe-go,30,18
ramp,66,failsafe-go,31,18
ramp,67,failsafe-go,32,18
ramp,68,failsafe-go,33,18
ramp,69,failsafe-go,33,18
ramp,70,failsafe-go,33,18
ramp,71,failsafe-go,33,18
ramp,72,failsafe-go,33,18
ramp,73,failsafe-go,33,18
ramp,74,failsafe-go,33,18
ramp,75,failsafe-go,33,18
ramp,76,failsafe-go,33,18
ramp,77,failsafe-go,33,18
ramp,78,failsafe-go,33,18
ramp,79,failsafe-go,34,18
ramp,80,failsafe-go,35,18
ramp,81,failsafe-go,36,18
ramp,82,failsafe-go,37,18
ramp,83,failsafe-go,38,18
ramp,84,failsafe-go,38,18
ramp,85,failsafe-go,38,18
ramp,86,failsafe-go,38,18
ramp,87,failsafe-go,38,18
ramp,88,failsafe-go,38,18
ramp,89,failsafe-go,38,18
ramp,90,failsafe-go,38,18
ramp,91,failsafe-go,38,18
ramp,92,failsafe-go,38,18
ramp,93,failsafe-go,38,18
ramp,94,failsafe-go,39,18
ramp,95,failsafe-go,40,18
ramp,96,failsafe-go,41,18
ramp,97,failsafe-go,42,18
ramp,98,failsafe-go,43,18
ramp,99,failsafe-go,43,18
bimodal,0,local-gradient2,16,18
bimodal,1,local-gradient2,17,18
bimodal,2,local-gradient2,18,18
bimodal,3,local-gradient2,18,18
bimodal,4,local-gradient2,18,18
bimodal,5,local-gradient2,19,18
bimodal,6,local-gradient2,20,18
bimodal,7,local-gradient2,21,18
bimodal,8,local-gradient2,21,18
bimodal,9,local-gradient2,22,18
bimodal,10,local-gradient2,21,18
bimodal,11,local-gradient2,22,18
bimodal,12,local-gradient2,23,18
bimodal,13,local-gradient2,23,18
bimodal,14,local-gradient2,23,18
bimodal,15,local-gradient2,24,18
bimodal,16,local-gradient2,24,18
bimodal,17,local-gradient2,25,18
bimodal,18,local-gradient2,26,18
bimodal,19,local-gradient2,26,18
bimodal,20,local-gradient2,27,18
bimodal,21,local-gradient2,28,18
bimodal,22,local-gradient2,29,18
bimodal,23,local-gradient2,30,18
bimodal,24,local-gradient2,30,18
bimodal,25,local-gradient2,31,18
bimodal,26,local-gradient2,32,18
bimodal,27,local-gradient2,33,18
bimodal,28,local-gradient2,34,18
bimodal,29,local-gradient2,34,18
bimodal,30,local-gradient2,35,18
bimodal,31,local-gradient2,36,18
bimodal,32,local-gradient2,36,18
bimodal,33,local-gradient2,37,18
bimodal,34,local-gradient2,38,18
bimodal,35,local-gradient2,39,18
bimodal,36,local-gradient2,40,18
bimodal,37,local-gradient2,40,18
bimodal,38,local-gradient2,41,18
bimodal,39,local-gradient2,42,18
bimodal,40,local-gradient2,43,18
bimodal,41,local-gradient2,44,18
bimodal,42,local-gradient2,44,18
bimodal,43,local-gradient2,45,18
bimodal,44,local-gradient2,46,18
bimodal,45,local-gradient2,47,18
bimodal,46,local-gradient2,48,18
bimodal,47,local-gradient2,48,18
bimodal,48,local-gradient2,49,18
bimodal,49,local-gradient2,50,18
bimodal,50,local-gradient2,51,18
bimodal,51,local-gradient2,52,18
bimodal,52,local-gradient2,52,18
bimodal,53,local-gradient2,53,18
bimodal,54,local-gradient2,54,18
bimodal,55,local-gradient2,55,18
bimodal,56,local-gradient2,56,18
bimodal,57,local-gradient2,56,18
bimodal,58,local-gradient2,56,18
bimodal,59,local-gradient2,56,18
bimodal,60,local-gradient2,56,18
bimodal,61,local-gradient2,56,18
bimodal,62,local-gradient2,56,18
bimodal,63,local-gradient2,56,18
bimodal,64,local-gradient2,56,18
bimodal,65,local-gradient2,56,18
bimodal,66,local-gradient2,56,18
bimodal,67,local-gradient2,56,18
bimodal,68,local-gradient2,56,18
bimodal,69,local-gradient2,56,18
bimodal,70,local-gradient2,56,18
bimodal,71,local-gradient2,56,18
bimodal,72,local-gradient2,56,18
bimodal,73,local-gradient2,56,18
bimodal,74,local-gradient2,56,18
bimodal,75,local-gradient2,56,18
bimodal,76,local-gradient2,56,18
bimodal,77,local-gradient2,56,18
bimodal,78,local-gradient2,56,18
bimodal,79,local-gradient2,56,18
bimodal,80,local-gradient2,56,18
bimodal,81,local-gradient2,56,18
bimodal,82,local-gradient2,56,18
bimodal,83,local-gradient2,56,18
bimodal,84,local-gradient2,56,18
bimodal,85,local-gradient2,56,18
bimodal,86,local-gradient2,56,18
bimodal,87,local-gradient2,56,18
bimodal,88,local-gradient2,56,18
bimodal,89,local-gradient2,56,18
bimodal,90,local-gradient2,56,18
bimodal,91,local-gradient2,56,18
bimodal,92,local-gradient2,56,18
bimodal,93,local-gradient2,56,18
bimodal,94,local-gradient2,56,18
bimodal,95,local-gradient2,56,18
bimodal,96,local-gradient2,56,18
bimodal,97,local-gradient2,56,18
bimodal,98,local-gradient2,56,18
bimodal,99,local-gradient2,56,18
bimodal,0,netflix-reference,16,18
bimodal,1,netflix-reference,17,18
bimodal,2,netflix-reference,18,18
bimodal,3,netflix-reference,18,18
bimodal,4,netflix-reference,18,18
bimodal,5,netflix-reference,19,18
bimodal,6,netflix-reference,20,18
bimodal,7,netflix-reference,21,18
bimodal,8,netflix-reference,21,18
bimodal,9,netflix-reference,22,18
bimodal,10,netflix-reference,21,18
bimodal,11,netflix-reference,22,18
bimodal,12,netflix-reference,23,18
bimodal,13,netflix-reference,23,18
bimodal,14,netflix-reference,23,18
bimodal,15,netflix-reference,24,18
bimodal,16,netflix-reference,24,18
bimodal,17,netflix-reference,25,18
bimodal,18,netflix-reference,26,18
bimodal,19,netflix-reference,26,18
bimodal,20,netflix-reference,27,18
bimodal,21,netflix-reference,28,18
bimodal,22,netflix-reference,29,18
bimodal,23,netflix-reference,30,18
bimodal,24,netflix-reference,30,18
bimodal,25,netflix-reference,31,18
bimodal,26,netflix-reference,32,18
bimodal,27,netflix-reference,33,18
bimodal,28,netflix-reference,34,18
bimodal,29,netflix-reference,34,18
bimodal,30,netflix-reference,35,18
bimodal,31,netflix-reference,36,18
bimodal,32,netflix-reference,36,18
bimodal,33,netflix-reference,37,18
bimodal,34,netflix-reference,38,18
bimodal,35,netflix-reference,39,18
bimodal,36,netflix-reference,40,18
bimodal,37,netflix-reference,40,18
bimodal,38,netflix-reference,41,18
bimodal,39,netflix-reference,42,18
bimodal,40,netflix-reference,43,18
bimodal,41,netflix-reference,44,18
bimodal,42,netflix-reference,44,18
bimodal,43,netflix-reference,45,18
bimodal,44,netflix-reference,46,18
bimodal,45,netflix-reference,47,18
bimodal,46,netflix-reference,48,18
bimodal,47,netflix-reference,48,18
bimodal,48,netflix-reference,49,18
bimodal,49,netflix-reference,50,18
bimodal,50,netflix-reference,51,18
bimodal,51,netflix-reference,52,18
bimodal,52,netflix-reference,52,18
bimodal,53,netflix-reference,53,18
bimodal,54,netflix-reference,54,18
bimodal,55,netflix-reference,55,18
bimodal,56,netflix-reference,56,18
bimodal,57,netflix-reference,56,18
bimodal,58,netflix-reference,56,18
bimodal,59,netflix-reference,56,18
bimodal,60,netflix-reference,56,18
bimodal,61,netflix-reference,56,18
bimodal,62,netflix-reference,56,18
bimodal,63,netflix-reference,56,18
bimodal,64,netflix-reference,56,18
bimodal,65,netflix-reference,56,18
bimodal,66,netflix-reference,56,18
bimodal,67,netflix-reference,56,18
bimodal,68,netflix-reference,56,18
bimodal,69,netflix-reference,56,18
bimodal,70,netflix-reference,56,18
bimodal,71,netflix-reference,56,18
bimodal,72,netflix-reference,56,18
bimodal,73,netflix-reference,56,18
bimodal,74,netflix-reference,56,18
bimodal,75,netflix-reference,56,18
bimodal,76,netflix-reference,56,18
bimodal,77,netflix-reference,56,18
bimodal,78,netflix-reference,56,18
bimodal,79,netflix-reference,56,18
bimodal,80,netflix-reference,56,18
bimodal,81,netflix-reference,56,18
bimodal,82,netflix-reference,56,18
bimodal,83,netflix-reference,56,18
bimodal,84,netflix-reference,56,18
bimodal,85,netflix-reference,56,18
bimodal,86,netflix-reference,56,18
bimodal,87,netflix-reference,56,18
bimodal,88,netflix-reference,56,18
bimodal,89,netflix-reference,56,18
bimodal,90,netflix-reference,56,18
bimodal,91,netflix-reference,56,18
bimodal,92,netflix-reference,56,18
bimodal,93,netflix-reference,56,18
bimodal,94,netflix-reference,56,18
bimodal,95,netflix-reference,56,18
bimodal,96,netflix-reference,56,18
bimodal,97,netflix-reference,56,18
bimodal,98,netflix-reference,56,18
bimodal,99,netflix-reference,56,18
bimodal,0,platinum-gradient2,16,18
bimodal,1,platinum-gradient2,16,18
bimodal,2,platinum-gradient2,17,18
bimodal,3,platinum-gradient2,16,18
bimodal,4,platinum-gradient2,16,18
bimodal,5,platinum-gradient2,16,18
bimodal,6,platinum-gradient2,17,18
bimodal,7,platinum-gradient2,18,18
bimodal,8,platinum-gradient2,17,18
bimodal,9,platinum-gradient2,18,18
bimodal,10,platinum-gradient2,17,18
bimodal,11,platinum-gradient2,18,18
bimodal,12,platinum-gradient2,17,18
bimodal,13,platinum-gradient2,17,18
bimodal,14,platinum-gradient2,16,18
bimodal,15,platinum-gradient2,16,18
bimodal,16,platinum-gradient2,16,18
bimodal,17,platinum-gradient2,16,18
bimodal,18,platinum-gradient2,16,18
bimodal,19,platinum-gradient2,15,18
bimodal,20,platinum-gradient2,16,18
bimodal,21,platinum-gradient2,16,18
bimodal,22,platinum-gradient2,17,18
bimodal,23,platinum-gradient2,18,18
bimodal,24,platinum-gradient2,17,18
bimodal,25,platinum-gradient2,18,18
bimodal,26,platinum-gradient2,18,18
bimodal,27,platinum-gradient2,19,18
bimodal,28,platinum-gradient2,20,18
bimodal,29,platinum-gradient2,20,18
bimodal,30,platinum-gradient2,19,18
bimodal,31,platinum-gradient2,18,18
bimodal,32,platinum-gradient2,19,18
bimodal,33,platinum-gradient2,20,18
bimodal,34,platinum-gradient2,18,18
bimodal,35,platinum-gradient2,19,18
bimodal,36,platinum-gradient2,18,18
bimodal,37,platinum-gradient2,19,18
bimodal,38,platinum-gradient2,20,18
bimodal,39,platinum-gradient2,20,18
bimodal,40,platinum-gradient2,19,18
bimodal,41,platinum-gradient2,20,18
bimodal,42,platinum-gradient2,19,18
bimodal,43,platinum-gradient2,18,18
bimodal,44,platinum-gradient2,19,18
bimodal,45,platinum-gradient2,19,18
bimodal,46,platinum-gradient2,20,18
bimodal,47,platinum-gradient2,19,18
bimodal,48,platinum-gradient2,20,18
bimodal,49,platinum-gradient2,21,18
bimodal,50,platinum-gradient2,21,18
bimodal,51,platinum-gradient2,22,18
bimodal,52,platinum-gradient2,21,18
bimodal,53,platinum-gradient2,21,18
bimodal,54,platinum-gradient2,20,18
bimodal,55,platinum-gradient2,19,18
bimodal,56,platinum-gradient2,18,18
bimodal,57,platinum-gradient2,18,18
bimodal,58,platinum-gradient2,18,18
bimodal,59,platinum-gradient2,19,18
bimodal,60,platinum-gradient2,19,18
bimodal,61,platinum-gradient2,19,18
bimodal,62,platinum-gradient2,19,18
bimodal,63,platinum-gradient2,20,18
bimodal,64,platinum-gradient2,19,18
bimodal,65,platinum-gradient2,20,18
bimodal,66,platinum-gradient2,19,18
bimodal,67,platinum-gradient2,18,18
bimodal,68,platinum-gradient2,19,18
bimodal,69,platinum-gradient2,20,18
bimodal,70,platinum-gradient2,20,18
bimodal,71,platinum-gradient2,19,18
bimodal,72,platinum-gradient2,18,18
bimodal,73,platinum-gradient2,18,18
bimodal,74,platinum-gradient2,19,18
bimodal,75,platinum-gradient2,18,18
bimodal,76,platinum-gradient2,17,18
bimodal,77,platinum-gradient2,17,18
bimodal,78,platinum-gradient2,17,18
bimodal,79,platinum-gradient2,17,18
bimodal,80,platinum-gradient2,17,18
bimodal,81,platinum-gradient2,17,18
bimodal,82,platinum-gradient2,17,18
bimodal,83,platinum-gradient2,17,18
bimodal,84,platinum-gradient2,18,18
bimodal,85,platinum-gradient2,17,18
bimodal,86,platinum-gradient2,17,18
bimodal,87,platinum-gradient2,16,18
bimodal,88,platinum-gradient2,17,18
bimodal,89,platinum-gradient2,18,18
bimodal,90,platinum-gradient2,19,18
bimodal,91,platinum-gradient2,19,18
bimodal,92,platinum-gradient2,18,18
bimodal,93,platinum-gradient2,17,18
bimodal,94,platinum-gradient2,18,18
bimodal,95,platinum-gradient2,17,18
bimodal,96,platinum-gradient2,18,18
bimodal,97,platinum-gradient2,17,18
bimodal,98,platinum-gradient2,16,18
bimodal,99,platinum-gradient2,15,18
bimodal,0,failsafe-go,17,18
bimodal,1,failsafe-go,17,18
bimodal,2,failsafe-go,18,18
bimodal,3,failsafe-go,18,18
bimodal,4,failsafe-go,18,18
bimodal,5,failsafe-go,18,18
bimodal,6,failsafe-go,18,18
bimodal,7,failsafe-go,18,18
bimodal,8,failsafe-go,18,18
bimodal,9,failsafe-go,19,18
bimodal,10,failsafe-go,20,18
bimodal,11,failsafe-go,21,18
bimodal,12,failsafe-go,22,18
bimodal,13,failsafe-go,22,18
bimodal,14,failsafe-go,22,18
bimodal,15,failsafe-go,22,18
bimodal,16,failsafe-go,22,18
bimodal,17,failsafe-go,22,18
bimodal,18,failsafe-go,22,18
bimodal,19,failsafe-go,22,18
bimodal,20,failsafe-go,22,18
bimodal,21,failsafe-go,22,18
bimodal,22,failsafe-go,22,18
bimodal,23,failsafe-go,23,18
bimodal,24,failsafe-go,24,18
bimodal,25,failsafe-go,25,18
bimodal,26,failsafe-go,26,18
bimodal,27,failsafe-go,27,18
bimodal,28,failsafe-go,28,18
bimodal,29,failsafe-go,29,18
bimodal,30,failsafe-go,30,18
bimodal,31,failsafe-go,31,18
bimodal,32,failsafe-go,31,18
bimodal,33,failsafe-go,31,18
bimodal,34,failsafe-go,30,18
bimodal,35,failsafe-go,30,18
bimodal,36,failsafe-go,30,18
bimodal,37,failsafe-go,31,18
bimodal,38,failsafe-go,32,18
bimodal,39,failsafe-go,33,18
bimodal,40,failsafe-go,34,18
bimodal,41,failsafe-go,35,18
bimodal,42,failsafe-go,36,18
bimodal,43,failsafe-go,36,18
bimodal,44,failsafe-go,35,18
bimodal,45,failsafe-go,35,18
bimodal,46,failsafe-go,36,18
bimodal,47,failsafe-go,37,18
bimodal,48,failsafe-go,38,18
bimodal,49,failsafe-go,39,18
bimodal,50,failsafe-go,40,18
bimodal,51,failsafe-go,41,18
bimodal,52,failsafe-go,42,18
bimodal,53,failsafe-go,43,18
bimodal,54,failsafe-go,44,18
bimodal,55,failsafe-go,44,18
bimodal,56,failsafe-go,43,18
bimodal,57,failsafe-go,42,18
bimodal,58,failsafe-go,41,18
bimodal,59,failsafe-go,40,18
bimodal,60,failsafe-go,40,18
bimodal,61,failsafe-go,40,18
bimodal,62,failsafe-go,40,18
bimodal,63,failsafe-go,40,18
bimodal,64,failsafe-go,40,18
bimodal,65,failsafe-go,41,18
bimodal,66,failsafe-go,42,18
bimodal,67,failsafe-go,43,18
bimodal,68,failsafe-go,44,18
bimodal,69,failsafe-go,45,18
bimodal,70,failsafe-go,46,18
bimodal,71,failsafe-go,47,18
bimodal,72,failsafe-go,48,18
bimodal,73,failsafe-go,49,18
bimodal,74,failsafe-go,49,18
bimodal,75,failsafe-go,49,18
bimodal,76,failsafe-go,49,18
bimodal,77,failsafe-go,49,18
bimodal,78,failsafe-go,49,18
bimodal,79,failsafe-go,49,18
bimodal,80,failsafe-go,49,18
bimodal,81,failsafe-go,49,18
bimodal,82,failsafe-go,49,18
bimodal,83,failsafe-go,49,18
bimodal,84,failsafe-go,49,18
bimodal,85,failsafe-go,49,18
bimodal,86,failsafe-go,49,18
bimodal,87,failsafe-go,50,18
bimodal,88,failsafe-go,51,18
bimodal,89,failsafe-go,52,18
bimodal,90,failsafe-go,53,18
bimodal,91,failsafe-go,54,18
bimodal,92,failsafe-go,55,18
bimodal,93,failsafe-go,56,18
bimodal,94,failsafe-go,57,18
bimodal,95,failsafe-go,58,18
bimodal,96,failsafe-go,59,18
bimodal,97,failsafe-go,59,18
bimodal,98,failsafe-go,59,18
bimodal,99,failsafe-go,59,18
heavy-tail,0,local-gradient2,16,18
heavy-tail,1,local-gradient2,17,18
heavy-tail,2,local-gradient2,18,18
heavy-tail,3,local-gradient2,19,18
heavy-tail,4,local-gradient2,20,18
heavy-tail,5,local-gradient2,19,18
heavy-tail,6,local-gradient2,20,18
heavy-tail,7,local-gradient2,21,18
heavy-tail,8,local-gradient2,21,18
heavy-tail,9,local-gradient2,22,18
heavy-tail,10,local-gradient2,22,18
heavy-tail,11,local-gradient2,23,18
heavy-tail,12,local-gradient2,23,18
heavy-tail,13,local-gradient2,23,18
heavy-tail,14,local-gradient2,24,18
heavy-tail,15,local-gradient2,24,18
heavy-tail,16,local-gradient2,22,18
heavy-tail,17,local-gradient2,23,18
heavy-tail,18,local-gradient2,24,18
heavy-tail,19,local-gradient2,25,18
heavy-tail,20,local-gradient2,26,18
heavy-tail,21,local-gradient2,26,18
heavy-tail,22,local-gradient2,27,18
heavy-tail,23,local-gradient2,28,18
heavy-tail,24,local-gradient2,29,18
heavy-tail,25,local-gradient2,30,18
heavy-tail,26,local-gradient2,30,18
heavy-tail,27,local-gradient2,31,18
heavy-tail,28,local-gradient2,32,18
heavy-tail,29,local-gradient2,33,18
heavy-tail,30,local-gradient2,34,18
heavy-tail,31,local-gradient2,34,18
heavy-tail,32,local-gradient2,35,18
heavy-tail,33,local-gradient2,36,18
heavy-tail,34,local-gradient2,37,18
heavy-tail,35,local-gradient2,38,18
heavy-tail,36,local-gradient2,38,18
heavy-tail,37,local-gradient2,39,18
heavy-tail,38,local-gradient2,40,18
heavy-tail,39,local-gradient2,41,18
heavy-tail,40,local-gradient2,42,18
heavy-tail,41,local-gradient2,42,18
heavy-tail,42,local-gradient2,43,18
heavy-tail,43,local-gradient2,44,18
heavy-tail,44,local-gradient2,45,18
heavy-tail,45,local-gradient2,41,18
heavy-tail,46,local-gradient2,42,18
heavy-tail,47,local-gradient2,43,18
heavy-tail,48,local-gradient2,43,18
heavy-tail,49,local-gradient2,44,18
heavy-tail,50,local-gradient2,45,18
heavy-tail,51,local-gradient2,43,18
heavy-tail,52,local-gradient2,44,18
heavy-tail,53,local-gradient2,44,18
heavy-tail,54,local-gradient2,45,18
heavy-tail,55,local-gradient2,46,18
heavy-tail,56,local-gradient2,47,18
heavy-tail,57,local-gradient2,48,18
heavy-tail,58,local-gradient2,48,18
heavy-tail,59,local-gradient2,49,18
heavy-tail,60,local-gradient2,50,18
heavy-tail,61,local-gradient2,51,18
heavy-tail,62,local-gradient2,47,18
heavy-tail,63,local-gradient2,48,18
heavy-tail,64,local-gradient2,49,18
heavy-tail,65,local-gradient2,49,18
heavy-tail,66,local-gradient2,50,18
heavy-tail,67,local-gradient2,51,18
heavy-tail,68,local-gradient2,52,18
heavy-tail,69,local-gradient2,53,18
heavy-tail,70,local-gradient2,53,18
heavy-tail,71,local-gradient2,54,18
heavy-tail,72,local-gradient2,55,18
heavy-tail,73,local-gradient2,52,18
heavy-tail,74,local-gradient2,52,18
heavy-tail,75,local-gradient2,53,18
heavy-tail,76,local-gradient2,54,18
heavy-tail,77,local-gradient2,55,18
heavy-tail,78,local-gradient2,56,18
heavy-tail,79,local-gradient2,56,18
heavy-tail,80,local-gradient2,56,18
heavy-tail,81,local-gradient2,56,18
heavy-tail,82,local-gradient2,56,18
heavy-tail,83,local-gradient2,56,18
heavy-tail,84,local-gradient2,56,18
heavy-tail,85,local-gradient2,56,18
heavy-tail,86,local-gradient2,56,18
heavy-tail,87,local-gradient2,56,18
heavy-tail,88,local-gradient2,56,18
heavy-tail,89,local-gradient2,56,18
heavy-tail,90,local-gradient2,56,18
heavy-tail,91,local-gradient2,56,18
heavy-tail,92,local-gradient2,56,18
heavy-tail,93,local-gradient2,56,18
heavy-tail,94,local-gradient2,56,18
heavy-tail,95,local-gradient2,56,18
heavy-tail,96,local-gradient2,56,18
heavy-tail,97,local-gradient2,56,18
heavy-tail,98,local-gradient2,56,18
heavy-tail,99,local-gradient2,56,18
heavy-tail,0,netflix-reference,16,18
heavy-tail,1,netflix-reference,17,18
heavy-tail,2,netflix-reference,18,18
heavy-tail,3,netflix-reference,19,18
heavy-tail,4,netflix-reference,20,18
heavy-tail,5,netflix-reference,19,18
heavy-tail,6,netflix-reference,20,18
heavy-tail,7,netflix-reference,21,18
heavy-tail,8,netflix-reference,21,18
heavy-tail,9,netflix-reference,22,18
heavy-tail,10,netflix-reference,22,18
heavy-tail,11,netflix-reference,23,18
heavy-tail,12,netflix-reference,23,18
heavy-tail,13,netflix-reference,23,18
heavy-tail,14,netflix-reference,24,18
heavy-tail,15,netflix-reference,24,18
heavy-tail,16,netflix-reference,22,18
heavy-tail,17,netflix-reference,23,18
heavy-tail,18,netflix-reference,24,18
heavy-tail,19,netflix-reference,25,18
heavy-tail,20,netflix-reference,26,18
heavy-tail,21,netflix-reference,26,18
heavy-tail,22,netflix-reference,27,18
heavy-tail,23,netflix-reference,28,18
heavy-tail,24,netflix-reference,29,18
heavy-tail,25,netflix-reference,30,18
heavy-tail,26,netflix-reference,30,18
heavy-tail,27,netflix-reference,31,18
heavy-tail,28,netflix-reference,32,18
heavy-tail,29,netflix-reference,33,18
heavy-tail,30,netflix-reference,34,18
heavy-tail,31,netflix-reference,34,18
heavy-tail,32,netflix-reference,35,18
heavy-tail,33,netflix-reference,36,18
heavy-tail,34,netflix-reference,37,18
heavy-tail,35,netflix-reference,38,18
heavy-tail,36,netflix-reference,38,18
heavy-tail,37,netflix-reference,39,18
heavy-tail,38,netflix-reference,40,18
heavy-tail,39,netflix-reference,41,18
heavy-tail,40,netflix-reference,42,18
heavy-tail,41,netflix-reference,42,18
heavy-tail,42,netflix-reference,43,18
heavy-tail,43,netflix-reference,44,18
heavy-tail,44,netflix-reference,45,18
heavy-tail,45,netflix-reference,41,18
heavy-tail,46,netflix-reference,42,18
heavy-tail,47,netflix-reference,43,18
heavy-tail,48,netflix-reference,43,18
heavy-tail,49,netflix-reference,44,18
heavy-tail,50,netflix-reference,45,18
heavy-tail,51,netflix-reference,43,18
heavy-tail,52,netflix-reference,44,18
heavy-tail,53,netflix-reference,44,18
heavy-tail,54,netflix-reference,45,18
heavy-tail,55,netflix-reference,46,18
heavy-tail,56,netflix-reference,47,18
heavy-tail,57,netflix-reference,48,18
heavy-tail,58,netflix-reference,48,18
heavy-tail,59,netflix-reference,49,18
heavy-tail,60,netflix-reference,50,18
heavy-tail,61,netflix-reference,51,18
heavy-tail,62,netflix-reference,47,18
heavy-tail,63,netflix-reference,48,18
heavy-tail,64,netflix-reference,49,18
heavy-tail,65,netflix-reference,49,18
heavy-tail,66,netflix-reference,50,18
heavy-tail,67,netflix-reference,51,18
heavy-tail,68,netflix-reference,52,18
heavy-tail,69,netflix-reference,53,18
heavy-tail,70,netflix-reference,53,18
heavy-tail,71,netflix-reference,54,18
heavy-tail,72,netflix-reference,55,18
heavy-tail,73,netflix-reference,52,18
heavy-tail,74,netflix-reference,52,18
heavy-tail,75,netflix-reference,53,18
heavy-tail,76,netflix-reference,54,18
heavy-tail,77,netflix-reference,55,18
heavy-tail,78,netflix-reference,56,18
heavy-tail,79,netflix-reference,56,18
heavy-tail,80,netflix-reference,56,18
heavy-tail,81,netflix-reference,56,18
heavy-tail,82,netflix-reference,56,18
heavy-tail,83,netflix-reference,56,18
heavy-tail,84,netflix-reference,56,18
heavy-tail,85,netflix-reference,56,18
heavy-tail,86,netflix-reference,56,18
heavy-tail,87,netflix-reference,56,18
heavy-tail,88,netflix-reference,56,18
heavy-tail,89,netflix-reference,56,18
heavy-tail,90,netflix-reference,56,18
heavy-tail,91,netflix-reference,56,18
heavy-tail,92,netflix-reference,56,18
heavy-tail,93,netflix-reference,56,18
heavy-tail,94,netflix-reference,56,18
heavy-tail,95,netflix-reference,56,18
heavy-tail,96,netflix-reference,56,18
heavy-tail,97,netflix-reference,56,18
heavy-tail,98,netflix-reference,56,18
heavy-tail,99,netflix-reference,56,18
heavy-tail,0,platinum-gradient2,16,18
heavy-tail,1,platinum-gradient2,17,18
heavy-tail,2,platinum-gradient2,18,18
heavy-tail,3,platinum-gradient2,19,18
heavy-tail,4,platinum-gradient2,18,18
heavy-tail,5,platinum-gradient2,18,18
heavy-tail,6,platinum-gradient2,18,18
heavy-tail,7,platinum-gradient2,19,18
heavy-tail,8,platinum-gradient2,19,18
heavy-tail,9,platinum-gradient2,18,18
heavy-tail,10,platinum-gradient2,19,18
heavy-tail,11,platinum-gradient2,20,18
heavy-tail,12,platinum-gradient2,19,18
heavy-tail,13,platinum-gradient2,19,18
heavy-tail,14,platinum-gradient2,19,18
heavy-tail,15,platinum-gradient2,19,18
heavy-tail,16,platinum-gradient2,18,18
heavy-tail,17,platinum-gradient2,19,18
heavy-tail,18,platinum-gradient2,19,18
heavy-tail,19,platinum-gradient2,20,18
heavy-tail,20,platinum-gradient2,21,18
heavy-tail,21,platinum-gradient2,22,18
heavy-tail,22,platinum-gradient2,21,18
heavy-tail,23,platinum-gradient2,22,18
heavy-tail,24,platinum-gradient2,22,18
heavy-tail,25,platinum-gradient2,22,18
heavy-tail,26,platinum-gradient2,22,18
heavy-tail,27,platinum-gradient2,22,18
heavy-tail,28,platinum-gradient2,22,18
heavy-tail,29,platinum-gradient2,22,18
heavy-tail,30,platinum-gradient2,22,18
heavy-tail,31,platinum-gradient2,22,18
heavy-tail,32,platinum-gradient2,23,18
heavy-tail,33,platinum-gradient2,23,18
heavy-tail,34,platinum-gradient2,23,18
heavy-tail,35,platinum-gradient2,23,18
heavy-tail,36,platinum-gradient2,23,18
heavy-tail,37,platinum-gradient2,23,18
heavy-tail,38,platinum-gradient2,24,18
heavy-tail,39,platinum-gradient2,24,18
heavy-tail,40,platinum-gradient2,24,18
heavy-tail,41,platinum-gradient2,23,18
heavy-tail,42,platinum-gradient2,24,18
heavy-tail,43,platinum-gradient2,24,18
heavy-tail,44,platinum-gradient2,24,18
heavy-tail,45,platinum-gradient2,22,18
heavy-tail,46,platinum-gradient2,23,18
heavy-tail,47,platinum-gradient2,24,18
heavy-tail,48,platinum-gradient2,25,18
heavy-tail,49,platinum-gradient2,25,18
heavy-tail,50,platinum-gradient2,26,18
heavy-tail,51,platinum-gradient2,24,18
heavy-tail,52,platinum-gradient2,25,18
heavy-tail,53,platinum-gradient2,26,18
heavy-tail,54,platinum-gradient2,27,18
heavy-tail,55,platinum-gradient2,27,18
heavy-tail,56,platinum-gradient2,28,18
heavy-tail,57,platinum-gradient2,28,18
heavy-tail,58,platinum-gradient2,29,18
heavy-tail,59,platinum-gradient2,29,18
heavy-tail,60,platinum-gradient2,29,18
heavy-tail,61,platinum-gradient2,30,18
heavy-tail,62,platinum-gradient2,27,18
heavy-tail,63,platinum-gradient2,28,18
heavy-tail,64,platinum-gradient2,29,18
heavy-tail,65,platinum-gradient2,30,18
heavy-tail,66,platinum-gradient2,31,18
heavy-tail,67,platinum-gradient2,31,18
heavy-tail,68,platinum-gradient2,32,18
heavy-tail,69,platinum-gradient2,33,18
heavy-tail,70,platinum-gradient2,34,18
heavy-tail,71,platinum-gradient2,35,18
heavy-tail,72,platinum-gradient2,35,18
heavy-tail,73,platinum-gradient2,33,18
heavy-tail,74,platinum-gradient2,33,18
heavy-tail,75,platinum-gradient2,34,18
heavy-tail,76,platinum-gradient2,35,18
heavy-tail,77,platinum-gradient2,36,18
heavy-tail,78,platinum-gradient2,37,18
heavy-tail,79,platinum-gradient2,37,18
heavy-tail,80,platinum-gradient2,38,18
heavy-tail,81,platinum-gradient2,39,18
heavy-tail,82,platinum-gradient2,40,18
heavy-tail,83,platinum-gradient2,41,18
heavy-tail,84,platinum-gradient2,41,18
heavy-tail,85,platinum-gradient2,42,18
heavy-tail,86,platinum-gradient2,43,18
heavy-tail,87,platinum-gradient2,44,18
heavy-tail,88,platinum-gradient2,45,18
heavy-tail,89,platinum-gradient2,45,18
heavy-tail,90,platinum-gradient2,46,18
heavy-tail,91,platinum-gradient2,47,18
heavy-tail,92,platinum-gradient2,48,18
heavy-tail,93,platinum-gradient2,49,18
heavy-tail,94,platinum-gradient2,49,18
heavy-tail,95,platinum-gradient2,50,18
heavy-tail,96,platinum-gradient2,51,18
heavy-tail,97,platinum-gradient2,52,18
heavy-tail,98,platinum-gradient2,52,18
heavy-tail,99,platinum-gradient2,53,18
heavy-tail,0,failsafe-go,17,18
heavy-tail,1,failsafe-go,18,18
heavy-tail,2,failsafe-go,19,18
heavy-tail,3,failsafe-go,20,18
heavy-tail,4,failsafe-go,21,18
heavy-tail,5,failsafe-go,22,18
heavy-tail,6,failsafe-go,22,18
heavy-tail,7,failsafe-go,22,18
heavy-tail,8,failsafe-go,22,18
heavy-tail,9,failsafe-go,22,18
heavy-tail,10,failsafe-go,21,18
heavy-tail,11,failsafe-go,20,18
heavy-tail,12,failsafe-go,20,18
heavy-tail,13,failsafe-go,20,18
heavy-tail,14,failsafe-go,20,18
heavy-tail,15,failsafe-go,21,18
heavy-tail,16,failsafe-go,22,18
heavy-tail,17,failsafe-go,23,18
heavy-tail,18,failsafe-go,23,18
heavy-tail,19,failsafe-go,23,18
heavy-tail,20,failsafe-go,23,18
heavy-tail,21,failsafe-go,23,18
heavy-tail,22,failsafe-go,23,18
heavy-tail,23,failsafe-go,23,18
heavy-tail,24,failsafe-go,23,18
heavy-tail,25,failsafe-go,23,18
heavy-tail,26,failsafe-go,23,18
heavy-tail,27,failsafe-go,23,18
heavy-tail,28,failsafe-go,23,18
heavy-tail,29,failsafe-go,24,18
heavy-tail,30,failsafe-go,25,18
heavy-tail,31,failsafe-go,26,18
heavy-tail,32,failsafe-go,26,18
heavy-tail,33,failsafe-go,26,18
heavy-tail,34,failsafe-go,26,18
heavy-tail,35,failsafe-go,26,18
heavy-tail,36,failsafe-go,26,18
heavy-tail,37,failsafe-go,26,18
heavy-tail,38,failsafe-go,26,18
heavy-tail,39,failsafe-go,26,18
heavy-tail,40,failsafe-go,27,18
heavy-tail,41,failsafe-go,28,18
heavy-tail,42,failsafe-go,29,18
heavy-tail,43,failsafe-go,29,18
heavy-tail,44,failsafe-go,29,18
heavy-tail,45,failsafe-go,29,18
heavy-tail,46,failsafe-go,29,18
heavy-tail,47,failsafe-go,29,18
heavy-tail,48,failsafe-go,29,18
heavy-tail,49,failsafe-go,29,18
heavy-tail,50,failsafe-go,29,18
heavy-tail,51,failsafe-go,29,18
heavy-tail,52,failsafe-go,30,18
heavy-tail,53,failsafe-go,31,18
heavy-tail,54,failsafe-go,32,18
heavy-tail,55,failsafe-go,33,18
heavy-tail,56,failsafe-go,34,18
heavy-tail,57,failsafe-go,35,18
heavy-tail,58,failsafe-go,36,18
heavy-tail,59,failsafe-go,37,18
heavy-tail,60,failsafe-go,38,18
heavy-tail,61,failsafe-go,39,18
heavy-tail,62,failsafe-go,40,18
heavy-tail,63,failsafe-go,41,18
heavy-tail,64,failsafe-go,42,18
heavy-tail,65,failsafe-go,43,18
heavy-tail,66,failsafe-go,44,18
heavy-tail,67,failsafe-go,45,18
heavy-tail,68,failsafe-go,46,18
heavy-tail,69,failsafe-go,47,18
heavy-tail,70,failsafe-go,48,18
heavy-tail,71,failsafe-go,49,18
heavy-tail,72,failsafe-go,50,18
heavy-tail,73,failsafe-go,51,18
heavy-tail,74,failsafe-go,52,18
heavy-tail,75,failsafe-go,53,18
heavy-tail,76,failsafe-go,54,18
heavy-tail,77,failsafe-go,55,18
heavy-tail,78,failsafe-go,56,18
heavy-tail,79,failsafe-go,57,18
heavy-tail,80,failsafe-go,58,18
heavy-tail,81,failsafe-go,59,18
heavy-tail,82,failsafe-go,60,18
heavy-tail,83,failsafe-go,61,18
heavy-tail,84,failsafe-go,62,18
heavy-tail,85,failsafe-go,63,18
heavy-tail,86,failsafe-go,64,18
heavy-tail,87,failsafe-go,64,18
heavy-tail,88,failsafe-go,64,18
heavy-tail,89,failsafe-go,64,18
heavy-tail,90,failsafe-go,64,18
heavy-tail,91,failsafe-go,64,18
heavy-tail,92,failsafe-go,64,18
heavy-tail,93,failsafe-go,64,18
heavy-tail,94,failsafe-go,64,18
heavy-tail,95,failsafe-go,64,18
heavy-tail,96,failsafe-go,64,18
heavy-tail,97,failsafe-go,64,18
heavy-tail,98,failsafe-go,64,18
heavy-tail,99,failsafe-go,64,18
periodic,0,local-gradient2,16,18
periodic,1,local-gradient2,17,18
periodic,2,local-gradient2,18,18
periodic,3,local-gradient2,19,18
periodic,4,local-gradient2,20,18
periodic,5,local-gradient2,20,18
periodic,6,local-gradient2,21,18
periodic,7,local-gradient2,22,18
periodic,8,local-gradient2,23,18
periodic,9,local-gradient2,24,18
periodic,10,local-gradient2,24,18
periodic,11,local-gradient2,24,18
periodic,12,local-gradient2,24,18
periodic,13,local-gradient2,24,18
periodic,14,local-gradient2,24,18
periodic,15,local-gradient2,24,18
periodic,16,local-gradient2,24,18
periodic,17,local-gradient2,24,18
periodic,18,local-gradient2,24,18
periodic,19,local-gradient2,24,18
periodic,20,local-gradient2,22,18
periodic,21,local-gradient2,23,18
periodic,22,local-gradient2,22,18
periodic,23,local-gradient2,23,18
periodic,24,local-gradient2,23,18
periodic,25,local-gradient2,24,18
periodic,26,local-gradient2,24,18
periodic,27,local-gradient2,24,18
periodic,28,local-gradient2,24,18
periodic,29,local-gradient2,24,18
periodic,30,local-gradient2,24,18
periodic,31,local-gradient2,24,18
periodic,32,local-gradient2,24,18
periodic,33,local-gradient2,24,18
periodic,34,local-gradient2,24,18
periodic,35,local-gradient2,24,18
periodic,36,local-gradient2,24,18
periodic,37,local-gradient2,24,18
periodic,38,local-gradient2,24,18
periodic,39,local-gradient2,24,18
periodic,40,local-gradient2,23,18
periodic,41,local-gradient2,23,18
periodic,42,local-gradient2,23,18
periodic,43,local-gradient2,23,18
periodic,44,local-gradient2,24,18
periodic,45,local-gradient2,24,18
periodic,46,local-gradient2,24,18
periodic,47,local-gradient2,24,18
periodic,48,local-gradient2,24,18
periodic,49,local-gradient2,24,18
periodic,50,local-gradient2,24,18
periodic,51,local-gradient2,24,18
periodic,52,local-gradient2,24,18
periodic,53,local-gradient2,24,18
periodic,54,local-gradient2,24,18
periodic,55,local-gradient2,24,18
periodic,56,local-gradient2,24,18
periodic,57,local-gradient2,24,18
periodic,58,local-gradient2,24,18
periodic,59,local-gradient2,24,18
periodic,60,local-gradient2,23,18
periodic,61,local-gradient2,23,18
periodic,62,local-gradient2,23,18
periodic,63,local-gradient2,24,18
periodic,64,local-gradient2,24,18
periodic,65,local-gradient2,24,18
periodic,66,local-gradient2,24,18
periodic,67,local-gradient2,24,18
periodic,68,local-gradient2,24,18
periodic,69,local-gradient2,24,18
periodic,70,local-gradient2,24,18
periodic,71,local-gradient2,24,18
periodic,72,local-gradient2,24,18
periodic,73,local-gradient2,24,18
periodic,74,local-gradient2,24,18
periodic,75,local-gradient2,24,18
periodic,76,local-gradient2,24,18
periodic,77,local-gradient2,24,18
periodic,78,local-gradient2,24,18
periodic,79,local-gradient2,24,18
periodic,80,local-gradient2,23,18
periodic,81,local-gradient2,23,18
periodic,82,local-gradient2,23,18
periodic,83,local-gradient2,23,18
periodic,84,local-gradient2,24,18
periodic,85,local-gradient2,24,18
periodic,86,local-gradient2,24,18
periodic,87,local-gradient2,24,18
periodic,88,local-gradient2,24,18
periodic,89,local-gradient2,24,18
periodic,90,local-gradient2,24,18
periodic,91,local-gradient2,24,18
periodic,92,local-gradient2,24,18
periodic,93,local-gradient2,24,18
periodic,94,local-gradient2,24,18
periodic,95,local-gradient2,24,18
periodic,96,local-gradient2,24,18
periodic,97,local-gradient2,24,18
periodic,98,local-gradient2,24,18
periodic,99,local-gradient2,24,18
periodic,0,netflix-reference,16,18
periodic,1,netflix-reference,17,18
periodic,2,netflix-reference,18,18
periodic,3,netflix-reference,19,18
periodic,4,netflix-reference,20,18
periodic,5,netflix-reference,20,18
periodic,6,netflix-reference,21,18
periodic,7,netflix-reference,22,18
periodic,8,netflix-reference,23,18
periodic,9,netflix-reference,24,18
periodic,10,netflix-reference,24,18
periodic,11,netflix-reference,24,18
periodic,12,netflix-reference,24,18
periodic,13,netflix-reference,24,18
periodic,14,netflix-reference,24,18
periodic,15,netflix-reference,24,18
periodic,16,netflix-reference,24,18
periodic,17,netflix-reference,24,18
periodic,18,netflix-reference,24,18
periodic,19,netflix-reference,24,18
periodic,20,netflix-reference,22,18
periodic,21,netflix-reference,23,18
periodic,22,netflix-reference,22,18
periodic,23,netflix-reference,23,18
periodic,24,netflix-reference,23,18
periodic,25,netflix-reference,24,18
periodic,26,netflix-reference,24,18
periodic,27,netflix-reference,24,18
periodic,28,netflix-reference,24,18
periodic,29,netflix-reference,24,18
periodic,30,netflix-reference,24,18
periodic,31,netflix-reference,24,18
periodic,32,netflix-reference,24,18
periodic,33,netflix-reference,24,18
periodic,34,netflix-reference,24,18
periodic,35,netflix-reference,24,18
periodic,36,netflix-reference,24,18
periodic,37,netflix-reference,24,18
periodic,38,netflix-reference,24,18
periodic,39,netflix-reference,24,18
periodic,40,netflix-reference,23,18
periodic,41,netflix-reference,23,18
periodic,42,netflix-reference,23,18
periodic,43,netflix-reference,23,18
periodic,44,netflix-reference,24,18
periodic,45,netflix-reference,24,18
periodic,46,netflix-reference,24,18
periodic,47,netflix-reference,24,18
periodic,48,netflix-reference,24,18
periodic,49,netflix-reference,24,18
periodic,50,netflix-reference,24,18
periodic,51,netflix-reference,24,18
periodic,52,netflix-reference,24,18
periodic,53,netflix-reference,24,18
periodic,54,netflix-reference,24,18
periodic,55,netflix-reference,24,18
periodic,56,netflix-reference,24,18
periodic,57,netflix-reference,24,18
periodic,58,netflix-reference,24,18
periodic,59,netflix-reference,24,18
periodic,60,netflix-reference,23,18
periodic,61,netflix-reference,23,18
periodic,62,netflix-reference,23,18
periodic,63,netflix-reference,24,18
periodic,64,netflix-reference,24,18
periodic,65,netflix-reference,24,18
periodic,66,netflix-reference,24,18
periodic,67,netflix-reference,24,18
periodic,68,netflix-reference,24,18
periodic,69,netflix-reference,24,18
periodic,70,netflix-reference,24,18
periodic,71,netflix-reference,24,18
periodic,72,netflix-reference,24,18
periodic,73,netflix-reference,24,18
periodic,74,netflix-reference,24,18
periodic,75,netflix-reference,24,18
periodic,76,netflix-reference,24,18
periodic,77,netflix-reference,24,18
periodic,78,netflix-reference,24,18
periodic,79,netflix-reference,24,18
periodic,80,netflix-reference,23,18
periodic,81,netflix-reference,23,18
periodic,82,netflix-reference,23,18
periodic,83,netflix-reference,23,18
periodic,84,netflix-reference,24,18
periodic,85,netflix-reference,24,18
periodic,86,netflix-reference,24,18
periodic,87,netflix-reference,24,18
periodic,88,netflix-reference,24,18
periodic,89,netflix-reference,24,18
periodic,90,netflix-reference,24,18
periodic,91,netflix-reference,24,18
periodic,92,netflix-reference,24,18
periodic,93,netflix-reference,24,18
periodic,94,netflix-reference,24,18
periodic,95,netflix-reference,24,18
periodic,96,netflix-reference,24,18
periodic,97,netflix-reference,24,18
periodic,98,netflix-reference,24,18
periodic,99,netflix-reference,24,18
periodic,0,platinum-gradient2,16,18
periodic,1,platinum-gradient2,17,18
periodic,2,platinum-gradient2,18,18
periodic,3,platinum-gradient2,19,18
periodic,4,platinum-gradient2,18,18
periodic,5,platinum-gradient2,19,18
periodic,6,platinum-gradient2,20,18
periodic,7,platinum-gradient2,20,18
periodic,8,platinum-gradient2,21,18
periodic,9,platinum-gradient2,22,18
periodic,10,platinum-gradient2,23,18
periodic,11,platinum-gradient2,23,18
periodic,12,platinum-gradient2,24,18
periodic,13,platinum-gradient2,24,18
periodic,14,platinum-gradient2,24,18
periodic,15,platinum-gradient2,24,18
periodic,16,platinum-gradient2,24,18
periodic,17,platinum-gradient2,24,18
periodic,18,platinum-gradient2,24,18
periodic,19,platinum-gradient2,24,18
periodic,20,platinum-gradient2,22,18
periodic,21,platinum-gradient2,21,18
periodic,22,platinum-gradient2,21,18
periodic,23,platinum-gradient2,20,18
periodic,24,platinum-gradient2,20,18
periodic,25,platinum-gradient2,21,18
periodic,26,platinum-gradient2,22,18
periodic,27,platinum-gradient2,23,18
periodic,28,platinum-gradient2,24,18
periodic,29,platinum-gradient2,24,18
periodic,30,platinum-gradient2,24,18
periodic,31,platinum-gradient2,24,18
periodic,32,platinum-gradient2,24,18
periodic,33,platinum-gradient2,24,18
periodic,34,platinum-gradient2,24,18
periodic,35,platinum-gradient2,24,18
periodic,36,platinum-gradient2,24,18
periodic,37,platinum-gradient2,24,18
periodic,38,platinum-gradient2,24,18
periodic,39,platinum-gradient2,24,18
periodic,40,platinum-gradient2,22,18
periodic,41,platinum-gradient2,21,18
periodic,42,platinum-gradient2,21,18
periodic,43,platinum-gradient2,21,18
periodic,44,platinum-gradient2,20,18
periodic,45,platinum-gradient2,21,18
periodic,46,platinum-gradient2,22,18
periodic,47,platinum-gradient2,23,18
periodic,48,platinum-gradient2,24,18
periodic,49,platinum-gradient2,24,18
periodic,50,platinum-gradient2,24,18
periodic,51,platinum-gradient2,24,18
periodic,52,platinum-gradient2,24,18
periodic,53,platinum-gradient2,24,18
periodic,54,platinum-gradient2,24,18
periodic,55,platinum-gradient2,24,18
periodic,56,platinum-gradient2,24,18
periodic,57,platinum-gradient2,24,18
periodic,58,platinum-gradient2,24,18
periodic,59,platinum-gradient2,24,18
periodic,60,platinum-gradient2,22,18
periodic,61,platinum-gradient2,21,18
periodic,62,platinum-gradient2,21,18
periodic,63,platinum-gradient2,21,18
periodic,64,platinum-gradient2,20,18
periodic,65,platinum-gradient2,21,18
periodic,66,platinum-gradient2,22,18
periodic,67,platinum-gradient2,23,18
periodic,68,platinum-gradient2,24,18
periodic,69,platinum-gradient2,24,18
periodic,70,platinum-gradient2,24,18
periodic,71,platinum-gradient2,24,18
periodic,72,platinum-gradient2,24,18
periodic,73,platinum-gradient2,24,18
periodic,74,platinum-gradient2,24,18
periodic,75,platinum-gradient2,24,18
periodic,76,platinum-gradient2,24,18
periodic,77,platinum-gradient2,24,18
periodic,78,platinum-gradient2,24,18
periodic,79,platinum-gradient2,24,18
periodic,80,platinum-gradient2,22,18
periodic,81,platinum-gradient2,21,18
periodic,82,platinum-gradient2,20,18
periodic,83,platinum-gradient2,20,18
periodic,84,platinum-gradient2,21,18
periodic,85,platinum-gradient2,22,18
periodic,86,platinum-gradient2,23,18
periodic,87,platinum-gradient2,24,18
periodic,88,platinum-gradient2,24,18
periodic,89,platinum-gradient2,24,18
periodic,90,platinum-gradient2,24,18
periodic,91,platinum-gradient2,24,18
periodic,92,platinum-gradient2,24,18
periodic,93,platinum-gradient2,24,18
periodic,94,platinum-gradient2,24,18
periodic,95,platinum-gradient2,24,18
periodic,96,platinum-gradient2,24,18
periodic,97,platinum-gradient2,24,18
periodic,98,platinum-gradient2,24,18
periodic,99,platinum-gradient2,24,18
periodic,0,failsafe-go,17,18
periodic,1,failsafe-go,18,18
periodic,2,failsafe-go,19,18
periodic,3,failsafe-go,20,18
periodic,4,failsafe-go,21,18
periodic,5,failsafe-go,22,18
periodic,6,failsafe-go,23,18
periodic,7,failsafe-go,24,18
periodic,8,failsafe-go,25,18
periodic,9,failsafe-go,26,18
periodic,10,failsafe-go,27,18
periodic,11,failsafe-go,28,18
periodic,12,failsafe-go,29,18
periodic,13,failsafe-go,30,18
periodic,14,failsafe-go,31,18
periodic,15,failsafe-go,32,18
periodic,16,failsafe-go,33,18
periodic,17,failsafe-go,34,18
periodic,18,failsafe-go,35,18
periodic,19,failsafe-go,36,18
periodic,20,failsafe-go,37,18
periodic,21,failsafe-go,38,18
periodic,22,failsafe-go,37,18
periodic,23,failsafe-go,36,18
periodic,24,failsafe-go,35,18
periodic,25,failsafe-go,34,18
periodic,26,failsafe-go,33,18
periodic,27,failsafe-go,33,18
periodic,28,failsafe-go,34,18
periodic,29,failsafe-go,35,18
periodic,30,failsafe-go,36,18
periodic,31,failsafe-go,37,18
periodic,32,failsafe-go,38,18
periodic,33,failsafe-go,39,18
periodic,34,failsafe-go,40,18
periodic,35,failsafe-go,41,18
periodic,36,failsafe-go,42,18
periodic,37,failsafe-go,43,18
periodic,38,failsafe-go,44,18
periodic,39,failsafe-go,45,18
periodic,40,failsafe-go,46,18
periodic,41,failsafe-go,47,18
periodic,42,failsafe-go,46,18
periodic,43,failsafe-go,45,18
periodic,44,failsafe-go,44,18
periodic,45,failsafe-go,43,18
periodic,46,failsafe-go,42,18
periodic,47,failsafe-go,42,18
periodic,48,failsafe-go,43,18
periodic,49,failsafe-go,44,18
periodic,50,failsafe-go,45,18
periodic,51,failsafe-go,46,18
periodic,52,failsafe-go,47,18
periodic,53,failsafe-go,48,18
periodic,54,failsafe-go,49,18
periodic,55,failsafe-go,50,18
periodic,56,failsafe-go,51,18
periodic,57,failsafe-go,52,18
periodic,58,failsafe-go,53,18
periodic,59,failsafe-go,54,18
periodic,60,failsafe-go,55,18
periodic,61,failsafe-go,56,18
periodic,62,failsafe-go,55,18
periodic,63,failsafe-go,54,18
periodic,64,failsafe-go,53,18
periodic,65,failsafe-go,52,18
periodic,66,failsafe-go,51,18
periodic,67,failsafe-go,50,18
periodic,68,failsafe-go,51,18
periodic,69,failsafe-go,52,18
periodic,70,failsafe-go,53,18
periodic,71,failsafe-go,54,18
periodic,72,failsafe-go,55,18
periodic,73,failsafe-go,56,18
periodic,74,failsafe-go,57,18
periodic,75,failsafe-go,58,18
periodic,76,failsafe-go,59,18
periodic,77,failsafe-go,60,18
periodic,78,failsafe-go,60,18
periodic,79,failsafe-go,60,18
periodic,80,failsafe-go,61,18
periodic,81,failsafe-go,62,18
periodic,82,failsafe-go,61,18
periodic,83,failsafe-go,60,18
periodic,84,failsafe-go,59,18
periodic,85,failsafe-go,58,18
periodic,86,failsafe-go,57,18
periodic,87,failsafe-go,56,18
periodic,88,failsafe-go,57,18
periodic,89,failsafe-go,58,18
periodic,90,failsafe-go,59,18
periodic,91,failsafe-go,60,18
periodic,92,failsafe-go,60,18
periodic,93,failsafe-go,60,18
periodic,94,failsafe-go,60,18
periodic,95,failsafe-go,60,18
periodic,96,failsafe-go,60,18
periodic,97,failsafe-go,60,18
periodic,98,failsafe-go,60,18
periodic,99,failsafe-go,60,18
sparse,0,local-gradient2,16,18
sparse,1,local-gradient2,16,18
sparse,2,local-gradient2,16,18
sparse,3,local-gradient2,16,18
sparse,4,local-gradient2,16,18
sparse,5,local-gradient2,16,18
sparse,6,local-gradient2,16,18
sparse,7,local-gradient2,16,18
sparse,8,local-gradient2,16,18
sparse,9,local-gradient2,16,18
sparse,10,local-gradient2,16,18
sparse,11,local-gradient2,16,18
sparse,12,local-gradient2,16,18
sparse,13,local-gradient2,16,18
sparse,14,local-gradient2,16,18
sparse,15,local-gradient2,16,18
sparse,16,local-gradient2,16,18
sparse,17,local-gradient2,17,18
sparse,18,local-gradient2,17,18
sparse,19,local-gradient2,17,18
sparse,20,local-gradient2,17,18
sparse,21,local-gradient2,17,18
sparse,22,local-gradient2,17,18
sparse,23,local-gradient2,17,18
sparse,24,local-gradient2,17,18
sparse,25,local-gradient2,17,18
sparse,26,local-gradient2,17,18
sparse,27,local-gradient2,17,18
sparse,28,local-gradient2,17,18
sparse,29,local-gradient2,17,18
sparse,30,local-gradient2,17,18
sparse,31,local-gradient2,17,18
sparse,32,local-gradient2,17,18
sparse,33,local-gradient2,17,18
sparse,34,local-gradient2,18,18
sparse,35,local-gradient2,18,18
sparse,36,local-gradient2,18,18
sparse,37,local-gradient2,18,18
sparse,38,local-gradient2,18,18
sparse,39,local-gradient2,18,18
sparse,40,local-gradient2,18,18
sparse,41,local-gradient2,18,18
sparse,42,local-gradient2,18,18
sparse,43,local-gradient2,18,18
sparse,44,local-gradient2,18,18
sparse,45,local-gradient2,18,18
sparse,46,local-gradient2,18,18
sparse,47,local-gradient2,18,18
sparse,48,local-gradient2,18,18
sparse,49,local-gradient2,18,18
sparse,50,local-gradient2,18,18
sparse,51,local-gradient2,19,18
sparse,52,local-gradient2,19,18
sparse,53,local-gradient2,19,18
sparse,54,local-gradient2,19,18
sparse,55,local-gradient2,19,18
sparse,56,local-gradient2,19,18
sparse,57,local-gradient2,19,18
sparse,58,local-gradient2,19,18
sparse,59,local-gradient2,19,18
sparse,60,local-gradient2,19,18
sparse,61,local-gradient2,19,18
sparse,62,local-gradient2,19,18
sparse,63,local-gradient2,19,18
sparse,64,local-gradient2,19,18
sparse,65,local-gradient2,19,18
sparse,66,local-gradient2,19,18
sparse,67,local-gradient2,19,18
sparse,68,local-gradient2,20,18
sparse,69,local-gradient2,20,18
sparse,70,local-gradient2,20,18
sparse,71,local-gradient2,20,18
sparse,72,local-gradient2,20,18
sparse,73,local-gradient2,20,18
sparse,74,local-gradient2,20,18
sparse,75,local-gradient2,20,18
sparse,76,local-gradient2,20,18
sparse,77,local-gradient2,20,18
sparse,78,local-gradient2,20,18
sparse,79,local-gradient2,20,18
sparse,80,local-gradient2,20,18
sparse,81,local-gradient2,20,18
sparse,82,local-gradient2,20,18
sparse,83,local-gradient2,20,18
sparse,84,local-gradient2,20,18
sparse,85,local-gradient2,19,18
sparse,86,local-gradient2,19,18
sparse,87,local-gradient2,19,18
sparse,88,local-gradient2,19,18
sparse,89,local-gradient2,19,18
sparse,90,local-gradient2,19,18
sparse,91,local-gradient2,19,18
sparse,92,local-gradient2,19,18
sparse,93,local-gradient2,19,18
sparse,94,local-gradient2,19,18
sparse,95,local-gradient2,19,18
sparse,96,local-gradient2,19,18
sparse,97,local-gradient2,19,18
sparse,98,local-gradient2,19,18
sparse,99,local-gradient2,19,18
sparse,0,netflix-reference,16,18
sparse,1,netflix-reference,16,18
sparse,2,netflix-reference,16,18
sparse,3,netflix-reference,16,18
sparse,4,netflix-reference,16,18
sparse,5,netflix-reference,16,18
sparse,6,netflix-reference,16,18
sparse,7,netflix-reference,16,18
sparse,8,netflix-reference,16,18
sparse,9,netflix-reference,16,18
sparse,10,netflix-reference,16,18
sparse,11,netflix-reference,16,18
sparse,12,netflix-reference,16,18
sparse,13,netflix-reference,16,18
sparse,14,netflix-reference,16,18
sparse,15,netflix-reference,16,18
sparse,16,netflix-reference,16,18
sparse,17,netflix-reference,17,18
sparse,18,netflix-reference,17,18
sparse,19,netflix-reference,17,18
sparse,20,netflix-reference,17,18
sparse,21,netflix-reference,17,18
sparse,22,netflix-reference,17,18
sparse,23,netflix-reference,17,18
sparse,24,netflix-reference,17,18
sparse,25,netflix-reference,17,18
sparse,26,netflix-reference,17,18
sparse,27,netflix-reference,17,18
sparse,28,netflix-reference,17,18
sparse,29,netflix-reference,17,18
sparse,30,netflix-reference,17,18
sparse,31,netflix-reference,17,18
sparse,32,netflix-reference,17,18
sparse,33,netflix-reference,17,18
sparse,34,netflix-reference,18,18
sparse,35,netflix-reference,18,18
sparse,36,netflix-reference,18,18
sparse,37,netflix-reference,18,18
sparse,38,netflix-reference,18,18
sparse,39,netflix-reference,18,18
sparse,40,netflix-reference,18,18
sparse,41,netflix-reference,18,18
sparse,42,netflix-reference,18,18
sparse,43,netflix-reference,18,18
sparse,44,netflix-reference,18,18
sparse,45,netflix-reference,18,18
sparse,46,netflix-reference,18,18
sparse,47,netflix-reference,18,18
sparse,48,netflix-reference,18,18
sparse,49,netflix-reference,18,18
sparse,50,netflix-reference,18,18
sparse,51,netflix-reference,19,18
sparse,52,netflix-reference,19,18
sparse,53,netflix-reference,19,18
sparse,54,netflix-reference,19,18
sparse,55,netflix-reference,19,18
sparse,56,netflix-reference,19,18
sparse,57,netflix-reference,19,18
sparse,58,netflix-reference,19,18
sparse,59,netflix-reference,19,18
sparse,60,netflix-reference,19,18
sparse,61,netflix-reference,19,18
sparse,62,netflix-reference,19,18
sparse,63,netflix-reference,19,18
sparse,64,netflix-reference,19,18
sparse,65,netflix-reference,19,18
sparse,66,netflix-reference,19,18
sparse,67,netflix-reference,19,18
sparse,68,netflix-reference,20,18
sparse,69,netflix-reference,20,18
sparse,70,netflix-reference,20,18
sparse,71,netflix-reference,20,18
sparse,72,netflix-reference,20,18
sparse,73,netflix-reference,20,18
sparse,74,netflix-reference,20,18
sparse,75,netflix-reference,20,18
sparse,76,netflix-reference,20,18
sparse,77,netflix-reference,20,18
sparse,78,netflix-reference,20,18
sparse,79,netflix-reference,20,18
sparse,80,netflix-reference,20,18
sparse,81,netflix-reference,20,18
sparse,82,netflix-reference,20,18
sparse,83,netflix-reference,20,18
sparse,84,netflix-reference,20,18
sparse,85,netflix-reference,19,18
sparse,86,netflix-reference,19,18
sparse,87,netflix-reference,19,18
sparse,88,netflix-reference,19,18
sparse,89,netflix-reference,19,18
sparse,90,netflix-reference,19,18
sparse,91,netflix-reference,19,18
sparse,92,netflix-reference,19,18
sparse,93,netflix-reference,19,18
sparse,94,netflix-reference,19,18
sparse,95,netflix-reference,19,18
sparse,96,netflix-reference,19,18
sparse,97,netflix-reference,19,18
sparse,98,netflix-reference,19,18
sparse,99,netflix-reference,19,18
sparse,0,platinum-gradient2,16,18
sparse,1,platinum-gradient2,16,18
sparse,2,platinum-gradient2,16,18
sparse,3,platinum-gradient2,16,18
sparse,4,platinum-gradient2,16,18
sparse,5,platinum-gradient2,16,18
sparse,6,platinum-gradient2,16,18
sparse,7,platinum-gradient2,16,18
sparse,8,platinum-gradient2,16,18
sparse,9,platinum-gradient2,16,18
sparse,10,platinum-gradient2,16,18
sparse,11,platinum-gradient2,16,18
sparse,12,platinum-gradient2,16,18
sparse,13,platinum-gradient2,16,18
sparse,14,platinum-gradient2,16,18
sparse,15,platinum-gradient2,16,18
sparse,16,platinum-gradient2,16,18
sparse,17,platinum-gradient2,17,18
sparse,18,platinum-gradient2,17,18
sparse,19,platinum-gradient2,17,18
sparse,20,platinum-gradient2,17,18
sparse,21,platinum-gradient2,17,18
sparse,22,platinum-gradient2,17,18
sparse,23,platinum-gradient2,17,18
sparse,24,platinum-gradient2,17,18
sparse,25,platinum-gradient2,17,18
sparse,26,platinum-gradient2,17,18
sparse,27,platinum-gradient2,17,18
sparse,28,platinum-gradient2,17,18
sparse,29,platinum-gradient2,17,18
sparse,30,platinum-gradient2,17,18
sparse,31,platinum-gradient2,17,18
sparse,32,platinum-gradient2,17,18
sparse,33,platinum-gradient2,17,18
sparse,34,platinum-gradient2,18,18
sparse,35,platinum-gradient2,18,18
sparse,36,platinum-gradient2,18,18
sparse,37,platinum-gradient2,18,18
sparse,38,platinum-gradient2,18,18
sparse,39,platinum-gradient2,18,18
sparse,40,platinum-gradient2,18,18
sparse,41,platinum-gradient2,18,18
sparse,42,platinum-gradient2,18,18
sparse,43,platinum-gradient2,18,18
sparse,44,platinum-gradient2,18,18
sparse,45,platinum-gradient2,18,18
sparse,46,platinum-gradient2,18,18
sparse,47,platinum-gradient2,18,18
sparse,48,platinum-gradient2,18,18
sparse,49,platinum-gradient2,18,18
sparse,50,platinum-gradient2,18,18
sparse,51,platinum-gradient2,19,18
sparse,52,platinum-gradient2,19,18
sparse,53,platinum-gradient2,19,18
sparse,54,platinum-gradient2,19,18
sparse,55,platinum-gradient2,19,18
sparse,56,platinum-gradient2,19,18
sparse,57,platinum-gradient2,19,18
sparse,58,platinum-gradient2,19,18
sparse,59,platinum-gradient2,19,18
sparse,60,platinum-gradient2,19,18
sparse,61,platinum-gradient2,19,18
sparse,62,platinum-gradient2,19,18
sparse,63,platinum-gradient2,19,18
sparse,64,platinum-gradient2,19,18
sparse,65,platinum-gradient2,19,18
sparse,66,platinum-gradient2,19,18
sparse,67,platinum-gradient2,19,18
sparse,68,platinum-gradient2,19,18
sparse,69,platinum-gradient2,19,18
sparse,70,platinum-gradient2,19,18
sparse,71,platinum-gradient2,19,18
sparse,72,platinum-gradient2,19,18
sparse,73,platinum-gradient2,19,18
sparse,74,platinum-gradient2,19,18
sparse,75,platinum-gradient2,19,18
sparse,76,platinum-gradient2,19,18
sparse,77,platinum-gradient2,19,18
sparse,78,platinum-gradient2,19,18
sparse,79,platinum-gradient2,19,18
sparse,80,platinum-gradient2,19,18
sparse,81,platinum-gradient2,19,18
sparse,82,platinum-gradient2,19,18
sparse,83,platinum-gradient2,19,18
sparse,84,platinum-gradient2,19,18
sparse,85,platinum-gradient2,18,18
sparse,86,platinum-gradient2,18,18
sparse,87,platinum-gradient2,18,18
sparse,88,platinum-gradient2,18,18
sparse,89,platinum-gradient2,18,18
sparse,90,platinum-gradient2,18,18
sparse,91,platinum-gradient2,18,18
sparse,92,platinum-gradient2,18,18
sparse,93,platinum-gradient2,18,18
sparse,94,platinum-gradient2,18,18
sparse,95,platinum-gradient2,18,18
sparse,96,platinum-gradient2,18,18
sparse,97,platinum-gradient2,18,18
sparse,98,platinum-gradient2,18,18
sparse,99,platinum-gradient2,18,18
sparse,0,failsafe-go,17,18
sparse,1,failsafe-go,16,18
sparse,2,failsafe-go,15,18
sparse,3,failsafe-go,14,18
sparse,4,failsafe-go,13,18
sparse,5,failsafe-go,12,18
sparse,6,failsafe-go,11,18
sparse,7,failsafe-go,10,18
sparse,8,failsafe-go,9,18
sparse,9,failsafe-go,8,18
sparse,10,failsafe-go,7,18
sparse,11,failsafe-go,6,18
sparse,12,failsafe-go,5,18
sparse,13,failsafe-go,5,18
sparse,14,failsafe-go,5,18
sparse,15,failsafe-go,5,18
sparse,16,failsafe-go,5,18
sparse,17,failsafe-go,6,18
sparse,18,failsafe-go,5,18
sparse,19,failsafe-go,5,18
sparse,20,failsafe-go,5,18
sparse,21,failsafe-go,5,18
sparse,22,failsafe-go,5,18
sparse,23,failsafe-go,5,18
sparse,24,failsafe-go,5,18
sparse,25,failsafe-go,5,18
sparse,26,failsafe-go,5,18
sparse,27,failsafe-go,5,18
sparse,28,failsafe-go,5,18
sparse,29,failsafe-go,5,18
sparse,30,failsafe-go,5,18
sparse,31,failsafe-go,5,18
sparse,32,failsafe-go,5,18
sparse,33,failsafe-go,5,18
sparse,34,failsafe-go,6,18
sparse,35,failsafe-go,5,18
sparse,36,failsafe-go,5,18
sparse,37,failsafe-go,5,18
sparse,38,failsafe-go,5,18
sparse,39,failsafe-go,5,18
sparse,40,failsafe-go,5,18
sparse,41,failsafe-go,5,18
sparse,42,failsafe-go,5,18
sparse,43,failsafe-go,5,18
sparse,44,failsafe-go,5,18
sparse,45,failsafe-go,5,18
sparse,46,failsafe-go,5,18
sparse,47,failsafe-go,5,18
sparse,48,failsafe-go,5,18
sparse,49,failsafe-go,5,18
sparse,50,failsafe-go,5,18
sparse,51,failsafe-go,6,18
sparse,52,failsafe-go,5,18
sparse,53,failsafe-go,5,18
sparse,54,failsafe-go,5,18
sparse,55,failsafe-go,5,18
sparse,56,failsafe-go,5,18
sparse,57,failsafe-go,5,18
sparse,58,failsafe-go,5,18
sparse,59,failsafe-go,5,18
sparse,60,failsafe-go,5,18
sparse,61,failsafe-go,5,18
sparse,62,failsafe-go,5,18
sparse,63,failsafe-go,5,18
sparse,64,failsafe-go,5,18
sparse,65,failsafe-go,5,18
sparse,66,failsafe-go,5,18
sparse,67,failsafe-go,5,18
sparse,68,failsafe-go,6,18
sparse,69,failsafe-go,5,18
sparse,70,failsafe-go,5,18
sparse,71,failsafe-go,5,18
sparse,72,failsafe-go,5,18
sparse,73,failsafe-go,5,18
sparse,74,failsafe-go,5,18
sparse,75,failsafe-go,5,18
sparse,76,failsafe-go,5,18
sparse,77,failsafe-go,5,18
sparse,78,failsafe-go,5,18
sparse,79,failsafe-go,5,18
sparse,80,failsafe-go,5,18
sparse,81,failsafe-go,5,18
sparse,82,failsafe-go,5,18
sparse,83,failsafe-go,5,18
sparse,84,failsafe-go,5,18
sparse,85,failsafe-go,6,18
sparse,86,failsafe-go,5,18
sparse,87,failsafe-go,5,18
sparse,88,failsafe-go,5,18
sparse,89,failsafe-go,5,18
sparse,90,failsafe-go,5,18
sparse,91,failsafe-go,5,18
sparse,92,failsafe-go,5,18
sparse,93,failsafe-go,5,18
sparse,94,failsafe-go,5,18
sparse,95,failsafe-go,5,18
sparse,96,failsafe-go,5,18
sparse,97,failsafe-go,5,18
sparse,98,failsafe-go,5,18
sparse,99,failsafe-go,5,18
capacity-collapse,0,local-gradient2,16,18
capacity-collapse,1,local-gradient2,17,18
capacity-collapse,2,local-gradient2,18,18
capacity-collapse,3,local-gradient2,19,18
capacity-collapse,4,local-gradient2,20,18
capacity-collapse,5,local-gradient2,20,18
capacity-collapse,6,local-gradient2,21,18
capacity-collapse,7,local-gradient2,22,18
capacity-collapse,8,local-gradient2,22,18
capacity-collapse,9,local-gradient2,23,18
capacity-collapse,10,local-gradient2,23,18
capacity-collapse,11,local-gradient2,23,18
capacity-collapse,12,local-gradient2,24,18
capacity-collapse,13,local-gradient2,25,18
capacity-collapse,14,local-gradient2,25,18
capacity-collapse,15,local-gradient2,26,18
capacity-collapse,16,local-gradient2,26,18
capacity-collapse,17,local-gradient2,27,18
capacity-collapse,18,local-gradient2,27,18
capacity-collapse,19,local-gradient2,28,18
capacity-collapse,20,local-gradient2,29,18
capacity-collapse,21,local-gradient2,29,18
capacity-collapse,22,local-gradient2,30,18
capacity-collapse,23,local-gradient2,31,18
capacity-collapse,24,local-gradient2,32,18
capacity-collapse,25,local-gradient2,32,18
capacity-collapse,26,local-gradient2,33,18
capacity-collapse,27,local-gradient2,34,18
capacity-collapse,28,local-gradient2,35,18
capacity-collapse,29,local-gradient2,36,18
capacity-collapse,30,local-gradient2,36,18
capacity-collapse,31,local-gradient2,37,18
capacity-collapse,32,local-gradient2,38,18
capacity-collapse,33,local-gradient2,39,18
capacity-collapse,34,local-gradient2,40,18
capacity-collapse,35,local-gradient2,40,18
capacity-collapse,36,local-gradient2,41,18
capacity-collapse,37,local-gradient2,42,18
capacity-collapse,38,local-gradient2,43,18
capacity-collapse,39,local-gradient2,44,18
capacity-collapse,40,local-gradient2,43,5
capacity-collapse,41,local-gradient2,43,5
capacity-collapse,42,local-gradient2,43,5
capacity-collapse,43,local-gradient2,44,5
capacity-collapse,44,local-gradient2,45,5
capacity-collapse,45,local-gradient2,46,5
capacity-collapse,46,local-gradient2,46,5
capacity-collapse,47,local-gradient2,47,5
capacity-collapse,48,local-gradient2,48,5
capacity-collapse,49,local-gradient2,49,5
capacity-collapse,50,local-gradient2,50,5
capacity-collapse,51,local-gradient2,50,5
capacity-collapse,52,local-gradient2,51,5
capacity-collapse,53,local-gradient2,52,5
capacity-collapse,54,local-gradient2,53,5
capacity-collapse,55,local-gradient2,54,5
capacity-collapse,56,local-gradient2,54,5
capacity-collapse,57,local-gradient2,55,5
capacity-collapse,58,local-gradient2,56,5
capacity-collapse,59,local-gradient2,57,5
capacity-collapse,60,local-gradient2,58,5
capacity-collapse,61,local-gradient2,58,5
capacity-collapse,62,local-gradient2,59,5
capacity-collapse,63,local-gradient2,60,5
capacity-collapse,64,local-gradient2,61,5
capacity-collapse,65,local-gradient2,62,5
capacity-collapse,66,local-gradient2,62,5
capacity-collapse,67,local-gradient2,63,5
capacity-collapse,68,local-gradient2,64,5
capacity-collapse,69,local-gradient2,64,5
capacity-collapse,70,local-gradient2,64,5
capacity-collapse,71,local-gradient2,64,5
capacity-collapse,72,local-gradient2,64,5
capacity-collapse,73,local-gradient2,64,5
capacity-collapse,74,local-gradient2,64,5
capacity-collapse,75,local-gradient2,64,5
capacity-collapse,76,local-gradient2,64,5
capacity-collapse,77,local-gradient2,64,5
capacity-collapse,78,local-gradient2,64,5
capacity-collapse,79,local-gradient2,64,5
capacity-collapse,80,local-gradient2,64,20
capacity-collapse,81,local-gradient2,64,20
capacity-collapse,82,local-gradient2,64,20
capacity-collapse,83,local-gradient2,64,20
capacity-collapse,84,local-gradient2,64,20
capacity-collapse,85,local-gradient2,64,20
capacity-collapse,86,local-gradient2,64,20
capacity-collapse,87,local-gradient2,64,20
capacity-collapse,88,local-gradient2,64,20
capacity-collapse,89,local-gradient2,64,20
capacity-collapse,90,local-gradient2,64,20
capacity-collapse,91,local-gradient2,64,20
capacity-collapse,92,local-gradient2,64,20
capacity-collapse,93,local-gradient2,64,20
capacity-collapse,94,local-gradient2,64,20
capacity-collapse,95,local-gradient2,64,20
capacity-collapse,96,local-gradient2,64,20
capacity-collapse,97,local-gradient2,64,20
capacity-collapse,98,local-gradient2,64,20
capacity-collapse,99,local-gradient2,64,20
capacity-collapse,100,local-gradient2,64,20
capacity-collapse,101,local-gradient2,64,20
capacity-collapse,102,local-gradient2,64,20
capacity-collapse,103,local-gradient2,64,20
capacity-collapse,104,local-gradient2,64,20
capacity-collapse,105,local-gradient2,64,20
capacity-collapse,106,local-gradient2,64,20
capacity-collapse,107,local-gradient2,64,20
capacity-collapse,108,local-gradient2,64,20
capacity-collapse,109,local-gradient2,64,20
capacity-collapse,110,local-gradient2,64,20
capacity-collapse,111,local-gradient2,64,20
capacity-collapse,112,local-gradient2,64,20
capacity-collapse,113,local-gradient2,64,20
capacity-collapse,114,local-gradient2,64,20
capacity-collapse,115,local-gradient2,64,20
capacity-collapse,116,local-gradient2,64,20
capacity-collapse,117,local-gradient2,64,20
capacity-collapse,118,local-gradient2,64,20
capacity-collapse,119,local-gradient2,64,20
capacity-collapse,120,local-gradient2,64,20
capacity-collapse,121,local-gradient2,64,20
capacity-collapse,122,local-gradient2,64,20
capacity-collapse,123,local-gradient2,64,20
capacity-collapse,124,local-gradient2,64,20
capacity-collapse,125,local-gradient2,64,20
capacity-collapse,126,local-gradient2,64,20
capacity-collapse,127,local-gradient2,64,20
capacity-collapse,128,local-gradient2,64,20
capacity-collapse,129,local-gradient2,64,20
capacity-collapse,130,local-gradient2,64,20
capacity-collapse,131,local-gradient2,64,20
capacity-collapse,132,local-gradient2,64,20
capacity-collapse,133,local-gradient2,64,20
capacity-collapse,134,local-gradient2,64,20
capacity-collapse,135,local-gradient2,64,20
capacity-collapse,136,local-gradient2,64,20
capacity-collapse,137,local-gradient2,64,20
capacity-collapse,138,local-gradient2,64,20
capacity-collapse,139,local-gradient2,64,20
capacity-collapse,0,netflix-reference,16,18
capacity-collapse,1,netflix-reference,17,18
capacity-collapse,2,netflix-reference,18,18
capacity-collapse,3,netflix-reference,19,18
capacity-collapse,4,netflix-reference,20,18
capacity-collapse,5,netflix-reference,20,18
capacity-collapse,6,netflix-reference,21,18
capacity-collapse,7,netflix-reference,22,18
capacity-collapse,8,netflix-reference,22,18
capacity-collapse,9,netflix-reference,23,18
capacity-collapse,10,netflix-reference,23,18
capacity-collapse,11,netflix-reference,23,18
capacity-collapse,12,netflix-reference,24,18
capacity-collapse,13,netflix-reference,25,18
capacity-collapse,14,netflix-reference,25,18
capacity-collapse,15,netflix-reference,26,18
capacity-collapse,16,netflix-reference,26,18
capacity-collapse,17,netflix-reference,27,18
capacity-collapse,18,netflix-reference,27,18
capacity-collapse,19,netflix-reference,28,18
capacity-collapse,20,netflix-reference,29,18
capacity-collapse,21,netflix-reference,29,18
capacity-collapse,22,netflix-reference,30,18
capacity-collapse,23,netflix-reference,31,18
capacity-collapse,24,netflix-reference,32,18
capacity-collapse,25,netflix-reference,32,18
capacity-collapse,26,netflix-reference,33,18
capacity-collapse,27,netflix-reference,34,18
capacity-collapse,28,netflix-reference,35,18
capacity-collapse,29,netflix-reference,36,18
capacity-collapse,30,netflix-reference,36,18
capacity-collapse,31,netflix-reference,37,18
capacity-collapse,32,netflix-reference,38,18
capacity-collapse,33,netflix-reference,39,18
capacity-collapse,34,netflix-reference,40,18
capacity-collapse,35,netflix-reference,40,18
capacity-collapse,36,netflix-reference,41,18
capacity-collapse,37,netflix-reference,42,18
capacity-collapse,38,netflix-reference,43,18
capacity-collapse,39,netflix-reference,44,18
capacity-collapse,40,netflix-reference,43,5
capacity-collapse,41,netflix-reference,43,5
capacity-collapse,42,netflix-reference,43,5
capacity-collapse,43,netflix-reference,44,5
capacity-collapse,44,netflix-reference,45,5
capacity-collapse,45,netflix-reference,46,5
capacity-collapse,46,netflix-reference,46,5
capacity-collapse,47,netflix-reference,47,5
capacity-collapse,48,netflix-reference,48,5
capacity-collapse,49,netflix-reference,49,5
capacity-collapse,50,netflix-reference,50,5
capacity-collapse,51,netflix-reference,50,5
capacity-collapse,52,netflix-reference,51,5
capacity-collapse,53,netflix-reference,52,5
capacity-collapse,54,netflix-reference,53,5
capacity-collapse,55,netflix-reference,54,5
capacity-collapse,56,netflix-reference,54,5
capacity-collapse,57,netflix-reference,55,5
capacity-collapse,58,netflix-reference,56,5
capacity-collapse,59,netflix-reference,57,5
capacity-collapse,60,netflix-reference,58,5
capacity-collapse,61,netflix-reference,58,5
capacity-collapse,62,netflix-reference,59,5
capacity-collapse,63,netflix-reference,60,5
capacity-collapse,64,netflix-reference,61,5
capacity-collapse,65,netflix-reference,62,5
capacity-collapse,66,netflix-reference,62,5
capacity-collapse,67,netflix-reference,63,5
capacity-collapse,68,netflix-reference,64,5
capacity-collapse,69,netflix-reference,64,5
capacity-collapse,70,netflix-reference,64,5
capacity-collapse,71,netflix-reference,64,5
capacity-collapse,72,netflix-reference,64,5
capacity-collapse,73,netflix-reference,64,5
capacity-collapse,74,netflix-reference,64,5
capacity-collapse,75,netflix-reference,64,5
capacity-collapse,76,netflix-reference,64,5
capacity-collapse,77,netflix-reference,64,5
capacity-collapse,78,netflix-reference,64,5
capacity-collapse,79,netflix-reference,64,5
capacity-collapse,80,netflix-reference,64,20
capacity-collapse,81,netflix-reference,64,20
capacity-collapse,82,netflix-reference,64,20
capacity-collapse,83,netflix-reference,64,20
capacity-collapse,84,netflix-reference,64,20
capacity-collapse,85,netflix-reference,64,20
capacity-collapse,86,netflix-reference,64,20
capacity-collapse,87,netflix-reference,64,20
capacity-collapse,88,netflix-reference,64,20
capacity-collapse,89,netflix-reference,64,20
capacity-collapse,90,netflix-reference,64,20
capacity-collapse,91,netflix-reference,64,20
capacity-collapse,92,netflix-reference,64,20
capacity-collapse,93,netflix-reference,64,20
capacity-collapse,94,netflix-reference,64,20
capacity-collapse,95,netflix-reference,64,20
capacity-collapse,96,netflix-reference,64,20
capacity-collapse,97,netflix-reference,64,20
capacity-collapse,98,netflix-reference,64,20
capacity-collapse,99,netflix-reference,64,20
capacity-collapse,100,netflix-reference,64,20
capacity-collapse,101,netflix-reference,64,20
capacity-collapse,102,netflix-reference,64,20
capacity-collapse,103,netflix-reference,64,20
capacity-collapse,104,netflix-reference,64,20
capacity-collapse,105,netflix-reference,64,20
capacity-collapse,106,netflix-reference,64,20
capacity-collapse,107,netflix-reference,64,20
capacity-collapse,108,netflix-reference,64,20
capacity-collapse,109,netflix-reference,64,20
capacity-collapse,110,netflix-reference,64,20
capacity-collapse,111,netflix-reference,64,20
capacity-collapse,112,netflix-reference,64,20
capacity-collapse,113,netflix-reference,64,20
capacity-collapse,114,netflix-reference,64,20
capacity-collapse,115,netflix-reference,64,20
capacity-collapse,116,netflix-reference,64,20
capacity-collapse,117,netflix-reference,64,20
capacity-collapse,118,netflix-reference,64,20
capacity-collapse,119,netflix-reference,64,20
capacity-collapse,120,netflix-reference,64,20
capacity-collapse,121,netflix-reference,64,20
capacity-collapse,122,netflix-reference,64,20
capacity-collapse,123,netflix-reference,64,20
capacity-collapse,124,netflix-reference,64,20
capacity-collapse,125,netflix-reference,64,20
capacity-collapse,126,netflix-reference,64,20
capacity-collapse,127,netflix-reference,64,20
capacity-collapse,128,netflix-reference,64,20
capacity-collapse,129,netflix-reference,64,20
capacity-collapse,130,netflix-reference,64,20
capacity-collapse,131,netflix-reference,64,20
capacity-collapse,132,netflix-reference,64,20
capacity-collapse,133,netflix-reference,64,20
capacity-collapse,134,netflix-reference,64,20
capacity-collapse,135,netflix-reference,64,20
capacity-collapse,136,netflix-reference,64,20
capacity-collapse,137,netflix-reference,64,20
capacity-collapse,138,netflix-reference,64,20
capacity-collapse,139,netflix-reference,64,20
capacity-collapse,0,platinum-gradient2,16,18
capacity-collapse,1,platinum-gradient2,17,18
capacity-collapse,2,platinum-gradient2,18,18
capacity-collapse,3,platinum-gradient2,19,18
capacity-collapse,4,platinum-gradient2,19,18
capacity-collapse,5,platinum-gradient2,19,18
capacity-collapse,6,platinum-gradient2,19,18
capacity-collapse,7,platinum-gradient2,19,18
capacity-collapse,8,platinum-gradient2,19,18
capacity-collapse,9,platinum-gradient2,20,18
capacity-collapse,10,platinum-gradient2,19,18
capacity-collapse,11,platinum-gradient2,20,18
capacity-collapse,12,platinum-gradient2,20,18
capacity-collapse,13,platinum-gradient2,20,18
capacity-collapse,14,platinum-gradient2,20,18
capacity-collapse,15,platinum-gradient2,20,18
capacity-collapse,16,platinum-gradient2,20,18
capacity-collapse,17,platinum-gradient2,20,18
capacity-collapse,18,platinum-gradient2,20,18
capacity-collapse,19,platinum-gradient2,20,18
capacity-collapse,20,platinum-gradient2,21,18
capacity-collapse,21,platinum-gradient2,21,18
capacity-collapse,22,platinum-gradient2,20,18
capacity-collapse,23,platinum-gradient2,21,18
capacity-collapse,24,platinum-gradient2,21,18
capacity-collapse,25,platinum-gradient2,21,18
capacity-collapse,26,platinum-gradient2,21,18
capacity-collapse,27,platinum-gradient2,21,18
capacity-collapse,28,platinum-gradient2,21,18
capacity-collapse,29,platinum-gradient2,22,18
capacity-collapse,30,platinum-gradient2,22,18
capacity-collapse,31,platinum-gradient2,21,18
capacity-collapse,32,platinum-gradient2,22,18
capacity-collapse,33,platinum-gradient2,22,18
capacity-collapse,34,platinum-gradient2,22,18
capacity-collapse,35,platinum-gradient2,22,18
capacity-collapse,36,platinum-gradient2,22,18
capacity-collapse,37,platinum-gradient2,22,18
capacity-collapse,38,platinum-gradient2,23,18
capacity-collapse,39,platinum-gradient2,23,18
capacity-collapse,40,platinum-gradient2,21,5
capacity-collapse,41,platinum-gradient2,20,5
capacity-collapse,42,platinum-gradient2,19,5
capacity-collapse,43,platinum-gradient2,18,5
capacity-collapse,44,platinum-gradient2,18,5
capacity-collapse,45,platinum-gradient2,17,5
capacity-collapse,46,platinum-gradient2,17,5
capacity-collapse,47,platinum-gradient2,17,5
capacity-collapse,48,platinum-gradient2,18,5
capacity-collapse,49,platinum-gradient2,18,5
capacity-collapse,50,platinum-gradient2,18,5
capacity-collapse,51,platinum-gradient2,18,5
capacity-collapse,52,platinum-gradient2,18,5
capacity-collapse,53,platinum-gradient2,18,5
capacity-collapse,54,platinum-gradient2,19,5
capacity-collapse,55,platinum-gradient2,19,5
capacity-collapse,56,platinum-gradient2,19,5
capacity-collapse,57,platinum-gradient2,19,5
capacity-collapse,58,platinum-gradient2,20,5
capacity-collapse,59,platinum-gradient2,20,5
capacity-collapse,60,platinum-gradient2,20,5
capacity-collapse,61,platinum-gradient2,20,5
capacity-collapse,62,platinum-gradient2,21,5
capacity-collapse,63,platinum-gradient2,21,5
capacity-collapse,64,platinum-gradient2,21,5
capacity-collapse,65,platinum-gradient2,21,5
capacity-collapse,66,platinum-gradient2,22,5
capacity-collapse,67,platinum-gradient2,22,5
capacity-collapse,68,platinum-gradient2,22,5
capacity-collapse,69,platinum-gradient2,22,5
capacity-collapse,70,platinum-gradient2,23,5
capacity-collapse,71,platinum-gradient2,23,5
capacity-collapse,72,platinum-gradient2,23,5
capacity-collapse,73,platinum-gradient2,23,5
capacity-collapse,74,platinum-gradient2,24,5
capacity-collapse,75,platinum-gradient2,24,5
capacity-collapse,76,platinum-gradient2,24,5
capacity-collapse,77,platinum-gradient2,24,5
capacity-collapse,78,platinum-gradient2,25,5
capacity-collapse,79,platinum-gradient2,25,5
capacity-collapse,80,platinum-gradient2,26,20
capacity-collapse,81,platinum-gradient2,27,20
capacity-collapse,82,platinum-gradient2,27,20
capacity-collapse,83,platinum-gradient2,28,20
capacity-collapse,84,platinum-gradient2,29,20
capacity-collapse,85,platinum-gradient2,30,20
capacity-collapse,86,platinum-gradient2,31,20
capacity-collapse,87,platinum-gradient2,31,20
capacity-collapse,88,platinum-gradient2,32,20
capacity-collapse,89,platinum-gradient2,33,20
capacity-collapse,90,platinum-gradient2,33,20
capacity-collapse,91,platinum-gradient2,34,20
capacity-collapse,92,platinum-gradient2,34,20
capacity-collapse,93,platinum-gradient2,35,20
capacity-collapse,94,platinum-gradient2,36,20
capacity-collapse,95,platinum-gradient2,36,20
capacity-collapse,96,platinum-gradient2,37,20
capacity-collapse,97,platinum-gradient2,38,20
capacity-collapse,98,platinum-gradient2,38,20
capacity-collapse,99,platinum-gradient2,39,20
capacity-collapse,100,platinum-gradient2,40,20
capacity-collapse,101,platinum-gradient2,40,20
capacity-collapse,102,platinum-gradient2,41,20
capacity-collapse,103,platinum-gradient2,42,20
capacity-collapse,104,platinum-gradient2,43,20
capacity-collapse,105,platinum-gradient2,43,20
capacity-collapse,106,platinum-gradient2,44,20
capacity-collapse,107,platinum-gradient2,45,20
capacity-collapse,108,platinum-gradient2,46,20
capacity-collapse,109,platinum-gradient2,46,20
capacity-collapse,110,platinum-gradient2,47,20
capacity-collapse,111,platinum-gradient2,48,20
capacity-collapse,112,platinum-gradient2,49,20
capacity-collapse,113,platinum-gradient2,49,20
capacity-collapse,114,platinum-gradient2,50,20
capacity-collapse,115,platinum-gradient2,51,20
capacity-collapse,116,platinum-gradient2,52,20
capacity-collapse,117,platinum-gradient2,52,20
capacity-collapse,118,platinum-gradient2,53,20
capacity-collapse,119,platinum-gradient2,54,20
capacity-collapse,120,platinum-gradient2,55,20
capacity-collapse,121,platinum-gradient2,55,20
capacity-collapse,122,platinum-gradient2,56,20
capacity-collapse,123,platinum-gradient2,57,20
capacity-collapse,124,platinum-gradient2,58,20
capacity-collapse,125,platinum-gradient2,59,20
capacity-collapse,126,platinum-gradient2,59,20
capacity-collapse,127,platinum-gradient2,60,20
capacity-collapse,128,platinum-gradient2,61,20
capacity-collapse,129,platinum-gradient2,62,20
capacity-collapse,130,platinum-gradient2,63,20
capacity-collapse,131,platinum-gradient2,63,20
capacity-collapse,132,platinum-gradient2,64,20
capacity-collapse,133,platinum-gradient2,64,20
capacity-collapse,134,platinum-gradient2,64,20
capacity-collapse,135,platinum-gradient2,64,20
capacity-collapse,136,platinum-gradient2,64,20
capacity-collapse,137,platinum-gradient2,64,20
capacity-collapse,138,platinum-gradient2,64,20
capacity-collapse,139,platinum-gradient2,64,20
capacity-collapse,0,failsafe-go,17,18
capacity-collapse,1,failsafe-go,18,18
capacity-collapse,2,failsafe-go,19,18
capacity-collapse,3,failsafe-go,20,18
capacity-collapse,4,failsafe-go,21,18
capacity-collapse,5,failsafe-go,22,18
capacity-collapse,6,failsafe-go,23,18
capacity-collapse,7,failsafe-go,23,18
capacity-collapse,8,failsafe-go,23,18
capacity-collapse,9,failsafe-go,23,18
capacity-collapse,10,failsafe-go,22,18
capacity-collapse,11,failsafe-go,21,18
capacity-collapse,12,failsafe-go,20,18
capacity-collapse,13,failsafe-go,20,18
capacity-collapse,14,failsafe-go,20,18
capacity-collapse,15,failsafe-go,21,18
capacity-collapse,16,failsafe-go,22,18
capacity-collapse,17,failsafe-go,23,18
capacity-collapse,18,failsafe-go,24,18
capacity-collapse,19,failsafe-go,25,18
capacity-collapse,20,failsafe-go,25,18
capacity-collapse,21,failsafe-go,25,18
capacity-collapse,22,failsafe-go,25,18
capacity-collapse,23,failsafe-go,25,18
capacity-collapse,24,failsafe-go,25,18
capacity-collapse,25,failsafe-go,25,18
capacity-collapse,26,failsafe-go,25,18
capacity-collapse,27,failsafe-go,25,18
capacity-collapse,28,failsafe-go,25,18
capacity-collapse,29,failsafe-go,25,18
capacity-collapse,30,failsafe-go,26,18
capacity-collapse,31,failsafe-go,27,18
capacity-collapse,32,failsafe-go,28,18
capacity-collapse,33,failsafe-go,28,18
capacity-collapse,34,failsafe-go,28,18
capacity-collapse,35,failsafe-go,28,18
capacity-collapse,36,failsafe-go,28,18
capacity-collapse,37,failsafe-go,28,18
capacity-collapse,38,failsafe-go,28,18
capacity-collapse,39,failsafe-go,28,18
capacity-collapse,40,failsafe-go,28,5
capacity-collapse,41,failsafe-go,28,5
capacity-collapse,42,failsafe-go,27,5
capacity-collapse,43,failsafe-go,26,5
capacity-collapse,44,failsafe-go,25,5
capacity-collapse,45,failsafe-go,24,5
capacity-collapse,46,failsafe-go,24,5
capacity-collapse,47,failsafe-go,24,5
capacity-collapse,48,failsafe-go,24,5
capacity-collapse,49,failsafe-go,24,5
capacity-collapse,50,failsafe-go,25,5
capacity-collapse,51,failsafe-go,26,5
capacity-collapse,52,failsafe-go,27,5
capacity-collapse,53,failsafe-go,28,5
capacity-collapse,54,failsafe-go,29,5
capacity-collapse,55,failsafe-go,29,5
capacity-collapse,56,failsafe-go,29,5
capacity-collapse,57,failsafe-go,29,5
capacity-collapse,58,failsafe-go,29,5
capacity-collapse,59,failsafe-go,29,5
capacity-collapse,60,failsafe-go,29,5
capacity-collapse,61,failsafe-go,30,5
capacity-collapse,62,failsafe-go,31,5
capacity-collapse,63,failsafe-go,32,5
capacity-collapse,64,failsafe-go,33,5
capacity-collapse,65,failsafe-go,34,5
capacity-collapse,66,failsafe-go,34,5
capacity-collapse,67,failsafe-go,34,5
capacity-collapse,68,failsafe-go,34,5
capacity-collapse,69,failsafe-go,35,5
capacity-collapse,70,failsafe-go,36,5
capacity-collapse,71,failsafe-go,37,5
capacity-collapse,72,failsafe-go,38,5
capacity-collapse,73,failsafe-go,39,5
capacity-collapse,74,failsafe-go,40,5
capacity-collapse,75,failsafe-go,41,5
capacity-collapse,76,failsafe-go,42,5
capacity-collapse,77,failsafe-go,43,5
capacity-collapse,78,failsafe-go,44,5
capacity-collapse,79,failsafe-go,45,5
capacity-collapse,80,failsafe-go,46,20
capacity-collapse,81,failsafe-go,47,20
capacity-collapse,82,failsafe-go,48,20
capacity-collapse,83,failsafe-go,49,20
capacity-collapse,84,failsafe-go,50,20
capacity-collapse,85,failsafe-go,51,20
capacity-collapse,86,failsafe-go,52,20
capacity-collapse,87,failsafe-go,53,20
capacity-collapse,88,failsafe-go,54,20
capacity-collapse,89,failsafe-go,55,20
capacity-collapse,90,failsafe-go,56,20
capacity-collapse,91,failsafe-go,57,20
capacity-collapse,92,failsafe-go,58,20
capacity-collapse,93,failsafe-go,59,20
capacity-collapse,94,failsafe-go,60,20
capacity-collapse,95,failsafe-go,61,20
capacity-collapse,96,failsafe-go,62,20
capacity-collapse,97,failsafe-go,63,20
capacity-collapse,98,failsafe-go,64,20
capacity-collapse,99,failsafe-go,64,20
capacity-collapse,100,failsafe-go,64,20
capacity-collapse,101,failsafe-go,64,20
capacity-collapse,102,failsafe-go,64,20
capacity-collapse,103,failsafe-go,64,20
capacity-collapse,104,failsafe-go,64,20
capacity-collapse,105,failsafe-go,64,20
capacity-collapse,106,failsafe-go,64,20
capacity-collapse,107,failsafe-go,64,20
capacity-collapse,108,failsafe-go,64,20
capacity-collapse,109,failsafe-go,64,20
capacity-collapse,110,failsafe-go,64,20
capacity-collapse,111,failsafe-go,64,20
capacity-collapse,112,failsafe-go,64,20
capacity-collapse,113,failsafe-go,64,20
capacity-collapse,114,failsafe-go,64,20
capacity-collapse,115,failsafe-go,64,20
capacity-collapse,116,failsafe-go,64,20
capacity-collapse,117,failsafe-go,64,20
capacity-collapse,118,failsafe-go,64,20
capacity-collapse,119,failsafe-go,64,20
capacity-collapse,120,failsafe-go,64,20
capacity-collapse,121,failsafe-go,64,20
capacity-collapse,122,failsafe-go,64,20
capacity-collapse,123,failsafe-go,64,20
capacity-collapse,124,failsafe-go,64,20
capacity-collapse,125,failsafe-go,64,20
capacity-collapse,126,failsafe-go,64,20
capacity-collapse,127,failsafe-go,64,20
capacity-collapse,128,failsafe-go,64,20
capacity-collapse,129,failsafe-go,64,20
capacity-collapse,130,failsafe-go,64,20
capacity-collapse,131,failsafe-go,64,20
capacity-collapse,132,failsafe-go,64,20
capacity-collapse,133,failsafe-go,64,20
capacity-collapse,134,failsafe-go,64,20
capacity-collapse,135,failsafe-go,64,20
capacity-collapse,136,failsafe-go,64,20
capacity-collapse,137,failsafe-go,64,20
capacity-collapse,138,failsafe-go,64,20
capacity-collapse,139,failsafe-go,64,20
class-shift,0,local-gradient2,16,12
class-shift,1,local-gradient2,17,12
class-shift,2,local-gradient2,18,12
class-shift,3,local-gradient2,19,12
class-shift,4,local-gradient2,20,12
class-shift,5,local-gradient2,20,12
class-shift,6,local-gradient2,21,12
class-shift,7,local-gradient2,22,12
class-shift,8,local-gradient2,23,12
class-shift,9,local-gradient2,24,12
class-shift,10,local-gradient2,24,12
class-shift,11,local-gradient2,25,12
class-shift,12,local-gradient2,26,12
class-shift,13,local-gradient2,27,12
class-shift,14,local-gradient2,28,12
class-shift,15,local-gradient2,28,12
class-shift,16,local-gradient2,29,12
class-shift,17,local-gradient2,30,12
class-shift,18,local-gradient2,31,12
class-shift,19,local-gradient2,32,12
class-shift,20,local-gradient2,32,12
class-shift,21,local-gradient2,32,12
class-shift,22,local-gradient2,32,12
class-shift,23,local-gradient2,32,12
class-shift,24,local-gradient2,32,12
class-shift,25,local-gradient2,32,12
class-shift,26,local-gradient2,32,12
class-shift,27,local-gradient2,32,12
class-shift,28,local-gradient2,32,12
class-shift,29,local-gradient2,32,12
class-shift,30,local-gradient2,32,12
class-shift,31,local-gradient2,32,12
class-shift,32,local-gradient2,32,12
class-shift,33,local-gradient2,32,12
class-shift,34,local-gradient2,32,12
class-shift,35,local-gradient2,32,12
class-shift,36,local-gradient2,32,12
class-shift,37,local-gradient2,32,12
class-shift,38,local-gradient2,32,12
class-shift,39,local-gradient2,32,12
class-shift,40,local-gradient2,32,12
class-shift,41,local-gradient2,32,12
class-shift,42,local-gradient2,32,12
class-shift,43,local-gradient2,32,12
class-shift,44,local-gradient2,32,12
class-shift,45,local-gradient2,32,12
class-shift,46,local-gradient2,32,12
class-shift,47,local-gradient2,32,12
class-shift,48,local-gradient2,32,12
class-shift,49,local-gradient2,32,12
class-shift,50,local-gradient2,31,24
class-shift,51,local-gradient2,31,24
class-shift,52,local-gradient2,32,24
class-shift,53,local-gradient2,33,24
class-shift,54,local-gradient2,33,24
class-shift,55,local-gradient2,33,24
class-shift,56,local-gradient2,34,24
class-shift,57,local-gradient2,34,24
class-shift,58,local-gradient2,35,24
class-shift,59,local-gradient2,36,24
class-shift,60,local-gradient2,37,24
class-shift,61,local-gradient2,38,24
class-shift,62,local-gradient2,38,24
class-shift,63,local-gradient2,39,24
class-shift,64,local-gradient2,40,24
class-shift,65,local-gradient2,41,24
class-shift,66,local-gradient2,42,24
class-shift,67,local-gradient2,42,24
class-shift,68,local-gradient2,43,24
class-shift,69,local-gradient2,44,24
class-shift,70,local-gradient2,45,24
class-shift,71,local-gradient2,46,24
class-shift,72,local-gradient2,46,24
class-shift,73,local-gradient2,47,24
class-shift,74,local-gradient2,48,24
class-shift,75,local-gradient2,49,24
class-shift,76,local-gradient2,50,24
class-shift,77,local-gradient2,50,24
class-shift,78,local-gradient2,51,24
class-shift,79,local-gradient2,52,24
class-shift,80,local-gradient2,53,24
class-shift,81,local-gradient2,54,24
class-shift,82,local-gradient2,54,24
class-shift,83,local-gradient2,55,24
class-shift,84,local-gradient2,56,24
class-shift,85,local-gradient2,57,24
class-shift,86,local-gradient2,58,24
class-shift,87,local-gradient2,58,24
class-shift,88,local-gradient2,59,24
class-shift,89,local-gradient2,60,24
class-shift,90,local-gradient2,61,24
class-shift,91,local-gradient2,62,24
class-shift,92,local-gradient2,62,24
class-shift,93,local-gradient2,63,24
class-shift,94,local-gradient2,64,24
class-shift,95,local-gradient2,64,24
class-shift,96,local-gradient2,64,24
class-shift,97,local-gradient2,64,24
class-shift,98,local-gradient2,64,24
class-shift,99,local-gradient2,64,24
class-shift,0,netflix-reference,16,12
class-shift,1,netflix-reference,17,12
class-shift,2,netflix-reference,18,12
class-shift,3,netflix-reference,19,12
class-shift,4,netflix-reference,20,12
class-shift,5,netflix-reference,20,12
class-shift,6,netflix-reference,21,12
class-shift,7,netflix-reference,22,12
class-shift,8,netflix-reference,23,12
class-shift,9,netflix-reference,24,12
class-shift,10,netflix-reference,24,12
class-shift,11,netflix-reference,25,12
class-shift,12,netflix-reference,26,12
class-shift,13,netflix-reference,27,12
class-shift,14,netflix-reference,28,12
class-shift,15,netflix-reference,28,12
class-shift,16,netflix-reference,29,12
class-shift,17,netflix-reference,30,12
class-shift,18,netflix-reference,31,12
class-shift,19,netflix-reference,32,12
class-shift,20,netflix-reference,32,12
class-shift,21,netflix-reference,32,12
class-shift,22,netflix-reference,32,12
class-shift,23,netflix-reference,32,12
class-shift,24,netflix-reference,32,12
class-shift,25,netflix-reference,32,12
class-shift,26,netflix-reference,32,12
class-shift,27,netflix-reference,32,12
class-shift,28,netflix-reference,32,12
class-shift,29,netflix-reference,32,12
class-shift,30,netflix-reference,32,12
class-shift,31,netflix-reference,32,12
class-shift,32,netflix-reference,32,12
class-shift,33,netflix-reference,32,12
class-shift,34,netflix-reference,32,12
class-shift,35,netflix-reference,32,12
class-shift,36,netflix-reference,32,12
class-shift,37,netflix-reference,32,12
class-shift,38,netflix-reference,32,12
class-shift,39,netflix-reference,32,12
class-shift,40,netflix-reference,32,12
class-shift,41,netflix-reference,32,12
class-shift,42,netflix-reference,32,12
class-shift,43,netflix-reference,32,12
class-shift,44,netflix-reference,32,12
class-shift,45,netflix-reference,32,12
class-shift,46,netflix-reference,32,12
class-shift,47,netflix-reference,32,12
class-shift,48,netflix-reference,32,12
class-shift,49,netflix-reference,32,12
class-shift,50,netflix-reference,31,24
class-shift,51,netflix-reference,31,24
class-shift,52,netflix-reference,32,24
class-shift,53,netflix-reference,33,24
class-shift,54,netflix-reference,33,24
class-shift,55,netflix-reference,33,24
class-shift,56,netflix-reference,34,24
class-shift,57,netflix-reference,34,24
class-shift,58,netflix-reference,35,24
class-shift,59,netflix-reference,36,24
class-shift,60,netflix-reference,37,24
class-shift,61,netflix-reference,38,24
class-shift,62,netflix-reference,38,24
class-shift,63,netflix-reference,39,24
class-shift,64,netflix-reference,40,24
class-shift,65,netflix-reference,41,24
class-shift,66,netflix-reference,42,24
class-shift,67,netflix-reference,42,24
class-shift,68,netflix-reference,43,24
class-shift,69,netflix-reference,44,24
class-shift,70,netflix-reference,45,24
class-shift,71,netflix-reference,46,24
class-shift,72,netflix-reference,46,24
class-shift,73,netflix-reference,47,24
class-shift,74,netflix-reference,48,24
class-shift,75,netflix-reference,49,24
class-shift,76,netflix-reference,50,24
class-shift,77,netflix-reference,50,24
class-shift,78,netflix-reference,51,24
class-shift,79,netflix-reference,52,24
class-shift,80,netflix-reference,53,24
class-shift,81,netflix-reference,54,24
class-shift,82,netflix-reference,54,24
class-shift,83,netflix-reference,55,24
class-shift,84,netflix-reference,56,24
class-shift,85,netflix-reference,57,24
class-shift,86,netflix-reference,58,24
class-shift,87,netflix-reference,58,24
class-shift,88,netflix-reference,59,24
class-shift,89,netflix-reference,60,24
class-shift,90,netflix-reference,61,24
class-shift,91,netflix-reference,62,24
class-shift,92,netflix-reference,62,24
class-shift,93,netflix-reference,63,24
class-shift,94,netflix-reference,64,24
class-shift,95,netflix-reference,64,24
class-shift,96,netflix-reference,64,24
class-shift,97,netflix-reference,64,24
class-shift,98,netflix-reference,64,24
class-shift,99,netflix-reference,64,24
class-shift,0,platinum-gradient2,16,12
class-shift,1,platinum-gradient2,17,12
class-shift,2,platinum-gradient2,18,12
class-shift,3,platinum-gradient2,19,12
class-shift,4,platinum-gradient2,19,12
class-shift,5,platinum-gradient2,20,12
class-shift,6,platinum-gradient2,21,12
class-shift,7,platinum-gradient2,22,12
class-shift,8,platinum-gradient2,22,12
class-shift,9,platinum-gradient2,23,12
class-shift,10,platinum-gradient2,24,12
class-shift,11,platinum-gradient2,25,12
class-shift,12,platinum-gradient2,25,12
class-shift,13,platinum-gradient2,26,12
class-shift,14,platinum-gradient2,27,12
class-shift,15,platinum-gradient2,27,12
class-shift,16,platinum-gradient2,28,12
class-shift,17,platinum-gradient2,29,12
class-shift,18,platinum-gradient2,29,12
class-shift,19,platinum-gradient2,30,12
class-shift,20,platinum-gradient2,30,12
class-shift,21,platinum-gradient2,31,12
class-shift,22,platinum-gradient2,32,12
class-shift,23,platinum-gradient2,32,12
class-shift,24,platinum-gradient2,32,12
class-shift,25,platinum-gradient2,32,12
class-shift,26,platinum-gradient2,32,12
class-shift,27,platinum-gradient2,32,12
class-shift,28,platinum-gradient2,32,12
class-shift,29,platinum-gradient2,32,12
class-shift,30,platinum-gradient2,32,12
class-shift,31,platinum-gradient2,32,12
class-shift,32,platinum-gradient2,32,12
class-shift,33,platinum-gradient2,32,12
class-shift,34,platinum-gradient2,32,12
class-shift,35,platinum-gradient2,32,12
class-shift,36,platinum-gradient2,32,12
class-shift,37,platinum-gradient2,32,12
class-shift,38,platinum-gradient2,32,12
class-shift,39,platinum-gradient2,32,12
class-shift,40,platinum-gradient2,32,12
class-shift,41,platinum-gradient2,32,12
class-shift,42,platinum-gradient2,32,12
class-shift,43,platinum-gradient2,32,12
class-shift,44,platinum-gradient2,32,12
class-shift,45,platinum-gradient2,32,12
class-shift,46,platinum-gradient2,32,12
class-shift,47,platinum-gradient2,32,12
class-shift,48,platinum-gradient2,32,12
class-shift,49,platinum-gradient2,32,12
class-shift,50,platinum-gradient2,29,24
class-shift,51,platinum-gradient2,29,24
class-shift,52,platinum-gradient2,28,24
class-shift,53,platinum-gradient2,28,24
class-shift,54,platinum-gradient2,28,24
class-shift,55,platinum-gradient2,27,24
class-shift,56,platinum-gradient2,27,24
class-shift,57,platinum-gradient2,28,24
class-shift,58,platinum-gradient2,28,24
class-shift,59,platinum-gradient2,28,24
class-shift,60,platinum-gradient2,27,24
class-shift,61,platinum-gradient2,28,24
class-shift,62,platinum-gradient2,28,24
class-shift,63,platinum-gradient2,28,24
class-shift,64,platinum-gradient2,29,24
class-shift,65,platinum-gradient2,29,24
class-shift,66,platinum-gradient2,29,24
class-shift,67,platinum-gradient2,29,24
class-shift,68,platinum-gradient2,29,24
class-shift,69,platinum-gradient2,29,24
class-shift,70,platinum-gradient2,29,24
class-shift,71,platinum-gradient2,30,24
class-shift,72,platinum-gradient2,30,24
class-shift,73,platinum-gradient2,30,24
class-shift,74,platinum-gradient2,31,24
class-shift,75,platinum-gradient2,30,24
class-shift,76,platinum-gradient2,31,24
class-shift,77,platinum-gradient2,30,24
class-shift,78,platinum-gradient2,31,24
class-shift,79,platinum-gradient2,31,24
class-shift,80,platinum-gradient2,30,24
class-shift,81,platinum-gradient2,31,24
class-shift,82,platinum-gradient2,32,24
class-shift,83,platinum-gradient2,31,24
class-shift,84,platinum-gradient2,32,24
class-shift,85,platinum-gradient2,32,24
class-shift,86,platinum-gradient2,32,24
class-shift,87,platinum-gradient2,32,24
class-shift,88,platinum-gradient2,32,24
class-shift,89,platinum-gradient2,32,24
class-shift,90,platinum-gradient2,32,24
class-shift,91,platinum-gradient2,32,24
class-shift,92,platinum-gradient2,33,24
class-shift,93,platinum-gradient2,33,24
class-shift,94,platinum-gradient2,33,24
class-shift,95,platinum-gradient2,34,24
class-shift,96,platinum-gradient2,33,24
class-shift,97,platinum-gradient2,34,24
class-shift,98,platinum-gradient2,33,24
class-shift,99,platinum-gradient2,34,24
class-shift,0,failsafe-go,17,12
class-shift,1,failsafe-go,18,12
class-shift,2,failsafe-go,19,12
class-shift,3,failsafe-go,20,12
class-shift,4,failsafe-go,21,12
class-shift,5,failsafe-go,22,12
class-shift,6,failsafe-go,23,12
class-shift,7,failsafe-go,24,12
class-shift,8,failsafe-go,25,12
class-shift,9,failsafe-go,26,12
class-shift,10,failsafe-go,27,12
class-shift,11,failsafe-go,28,12
class-shift,12,failsafe-go,29,12
class-shift,13,failsafe-go,30,12
class-shift,14,failsafe-go,31,12
class-shift,15,failsafe-go,32,12
class-shift,16,failsafe-go,33,12
class-shift,17,failsafe-go,34,12
class-shift,18,failsafe-go,35,12
class-shift,19,failsafe-go,36,12
class-shift,20,failsafe-go,37,12
class-shift,21,failsafe-go,38,12
class-shift,22,failsafe-go,39,12
class-shift,23,failsafe-go,40,12
class-shift,24,failsafe-go,41,12
class-shift,25,failsafe-go,42,12
class-shift,26,failsafe-go,43,12
class-shift,27,failsafe-go,44,12
class-shift,28,failsafe-go,45,12
class-shift,29,failsafe-go,46,12
class-shift,30,failsafe-go,47,12
class-shift,31,failsafe-go,48,12
class-shift,32,failsafe-go,49,12
class-shift,33,failsafe-go,50,12
class-shift,34,failsafe-go,51,12
class-shift,35,failsafe-go,52,12
class-shift,36,failsafe-go,53,12
class-shift,37,failsafe-go,54,12
class-shift,38,failsafe-go,55,12
class-shift,39,failsafe-go,56,12
class-shift,40,failsafe-go,57,12
class-shift,41,failsafe-go,58,12
class-shift,42,failsafe-go,59,12
class-shift,43,failsafe-go,60,12
class-shift,44,failsafe-go,61,12
class-shift,45,failsafe-go,62,12
class-shift,46,failsafe-go,63,12
class-shift,47,failsafe-go,64,12
class-shift,48,failsafe-go,64,12
class-shift,49,failsafe-go,64,12
class-shift,50,failsafe-go,64,24
class-shift,51,failsafe-go,64,24
class-shift,52,failsafe-go,63,24
class-shift,53,failsafe-go,62,24
class-shift,54,failsafe-go,61,24
class-shift,55,failsafe-go,60,24
class-shift,56,failsafe-go,59,24
class-shift,57,failsafe-go,58,24
class-shift,58,failsafe-go,57,24
class-shift,59,failsafe-go,56,24
class-shift,60,failsafe-go,55,24
class-shift,61,failsafe-go,54,24
class-shift,62,failsafe-go,53,24
class-shift,63,failsafe-go,53,24
class-shift,64,failsafe-go,53,24
class-shift,65,failsafe-go,53,24
class-shift,66,failsafe-go,53,24
class-shift,67,failsafe-go,53,24
class-shift,68,failsafe-go,53,24
class-shift,69,failsafe-go,53,24
class-shift,70,failsafe-go,54,24
class-shift,71,failsafe-go,55,24
class-shift,72,failsafe-go,56,24
class-shift,73,failsafe-go,57,24
class-shift,74,failsafe-go,58,24
class-shift,75,failsafe-go,59,24
class-shift,76,failsafe-go,60,24
class-shift,77,failsafe-go,61,24
class-shift,78,failsafe-go,62,24
class-shift,79,failsafe-go,63,24
class-shift,80,failsafe-go,64,24
class-shift,81,failsafe-go,64,24
class-shift,82,failsafe-go,64,24
class-shift,83,failsafe-go,64,24
class-shift,84,failsafe-go,64,24
class-shift,85,failsafe-go,64,24
class-shift,86,failsafe-go,64,24
class-shift,87,failsafe-go,64,24
class-shift,88,failsafe-go,64,24
class-shift,89,failsafe-go,64,24
class-shift,90,failsafe-go,64,24
class-shift,91,failsafe-go,64,24
class-shift,92,failsafe-go,64,24
class-shift,93,failsafe-go,64,24
class-shift,94,failsafe-go,64,24
class-shift,95,failsafe-go,64,24
class-shift,96,failsafe-go,64,24
class-shift,97,failsafe-go,64,24
class-shift,98,failsafe-go,64,24
class-shift,99,failsafe-go,64,24
